Protein Name;EC#;Reference;Organism;GenBank;Uniprot;PDB/3D;
" UDP-Glc: isoflavonoid β-glucosyltransferase (YjiC;BLi01948;BL00446)";2.4.1.-;;Bacillus licheniformis DSM 13 = ATCC 14580;AAU40842.1;Q65JC2;;
;;;;AAU23479.1;;;
" UDP-Glc: steviolbioside β-glucosyltransferase (YojK;EQZ01_10960)";2.4.1.-;pubmed;Bacillus subtilis SRCM103571;QAT46148.1;O31853;7VM0[A,B];
;;;;;;8H5D[A,B];
 tiacumicin 2-O-methyl-d-rhamnosyltransferase (TiaG2);2.4.1.-;;Dactylosporangium aurantiacum subsp. hamdenensis NRRL 18085;ADU85989.1;E9LIN1;;
 tiacumicin 5-C-methyl-d-rhamnosyltransferase (TiaG1);2.4.1.-;;Dactylosporangium aurantiacum subsp. hamdenensis NRRL 18085;ADU86026.1;E9LIM2;;
" UDP-Glc: Ent C-glucosyltransferase (IroB;c1254)";2.4.-.-;;Escherichia coli CFT073;AAN79728.1;A0A0H2V630;;
;;;;NP_753168.1;;;
 UDP-Glc: cinnamoyl O-β-glucosyltransferase;2.4.1.-;;Kitasatospora sp.;QDJ74280.1;A0A514S208;6J31[A,B,C,D];
;;;;;;6J32[A,B,C,D];
 dTDP-D-desosamine: 3-α-mycarosylerythronolide B desosaminyltransferase (MegCIII);2.4.1.-;;Micromonospora megalomicea;CAC37820.1;Q9F826;;
;;;;AAG13921.1;;;
 SaqAE1 (L-rhodinose) α-1,4-L-rhodinosyltransferase (SaqGT1);2.4.1.-;;Micromonospora sp. Tu 6368;ABO27084.1;A4GV04;;
;;;;ACP19361.1;C4NYK7;;
 aquayamycin α-L-rhodinosyltransferase (SaqGT2);2.4.1.-;;Micromonospora sp. Tu 6368;ABO27085.1;A4GV05;;
;;;;ACP19363.1;C4NYK9;;
 SaqAE3 (L-rhodinose) β-1,4A-olivosyltransferase (SaqGT3);2.4.1.-;;Micromonospora sp. Tu 6368;ABO27086.1;A4GV06;;
;;;;ACP19364.1;C4NYL0;;
" UDP-Glc: zeaxanthin glucosyltransferase (CrtX;Ugt101)";2.4.1.276;;Pantoea agglomerans Eho10;AAA64979.1;Q01330;;
 zeaxanthin glucosyltransferase (CrtX);2.4.1.276;;Pantoea ananatis;BAA14125.1;P21686;;
 dTDP-L-Rha: 3-(3-hydroxyalkanoyloxy)alkanoate β-3O-rhamnosyltransferase 1 (subunit B) (RhlB);2.4.1.-;pubmed;Pseudomonas aeruginosa DSM2659 / PG201;AAA62129.1;Q51560;;
;;;;ADP06388.1;;;
;;;;CAV17614.1;;;
" dTDP-L-Rha: 3-(3-hydroxyalkanoyloxy)alkanoate β-3O-rhamnosyltransferase (RhlB; PA3478)";2.4.1.-;pubmed;Pseudomonas aeruginosa PAO1;AAG06866.1;Q9HYD1;;
;;;;NP_252168.1;;;
" TDP-desosamine: α-mycarosyl erythronolide B desosaminyltransferase (EryCIII;SACE_0726)";2.4.1.-;;Saccharopolyspora erythraea NRRL 2338;CAA74710.1;A4F7P3;2YJN[A,B];
;;;;AAB84067.1;O54224;;
;;;;AAE39406.1;;;
;;;;CAM00067.1;;;
 TDP-β-L-Rha: spinosyn 9-O-α-L-rhamnosyltransferase (SpnG);2.4.1.-;;Saccharopolyspora spinosa NRLL18537;AAG23268.1;Q9ALM8;3TSA[A,B];
;;;;AAP01018.1;;3UYK[A,B];
;;;;ABE23716.1;;3UYL[A,B];
;;;;ABX94159.1;;;
 UDP-GlcA: (gellan) α-Glc-PP-C55 β-1,4-glucuronosyltransferase (GelK);2.4.1.-;;Sphingomonas elodea ATCC 31461;AAP57686.1;Q7X2M3;;
 β-1,4-glucuronosyltransferase (GelK);2.4.1.-;;Sphingomonas elodea ATCC31461;AAG59805.1;Q7X2M3;;
;;;;;Q9APE1;;
 UDP-GlcA: [EPS] glucosyl-PPI β-1,4-glucuronosyltransferase (SpsK);2.4.1.-;pubmed;Sphingomonas sp. S88;AAC44060.1;P74819;;
" UDP-Glc: oleandomycin glycosyltransferase (OleD;UGT102A2)";2.4.1.-;;Streptomyces antibioticus ATCC 11891 DSM 40868;ABA42119.2;Q3HTL6;2IYF[A,B];
;;;;CAA80301.1;Q53685;4M60[A];
;;;;;;4M7P[A];
;;;;;;4M83[A,B];
;;;;;;7XX4[A,B];
 premithramycin A1 D-olivosyltransferase (MtmGIII);2.4.1.-;;Streptomyces argillaceus ATCC12956;AAD55583.1;Q194P9;;
;;;;CAK50789.1;Q9RQR5;;
 premithramycinone D-olivosyltransferase (MtmGIV);2.4.1.-;;Streptomyces argillaceus ATCC12956;AAD55582.1;Q194Q0;;
;;;;CAK50788.1;Q9RQR6;;
 3A-Deolivosylpremithramycin B D-olivosyltransferase (premithramycin B synthase) (MtmGII);2.4.1.-;;Streptomyces argillaceus ATCC12956;AAC64927.1;O87479;;
;;;;CAK50792.1;Q194P6;;
 D-olivosyltransferase (MtmGI);2.4.1.-;;Streptomyces argillaceus ATCC12956;AAC64928.1;O87480;;
;;;;CAK50793.1;Q194P5;;
 TDP-L-noviose: novobiocic acid α-L-noviosyltransferase (NovM);2.4.1.302;;Streptomyces caeruleus NCIB 11891;AAF67506.1;Q9L9F5;;
 GDP-mycosamine: natamycinolide [macrolide] β-mycosaminyltransferase (ScnK);2.4.1.-;;Streptomyces chattanoogensis L10;ADD85130.2;D4P8Q9;;
;;;;ADD85130.1;;;
 8-O-tetrangulol β-D-olivosyltransferase (LanGT2);2.4.1.-;;Streptomyces cyanogenus S136;AAD13553.1;Q9ZGC0;4RIE[A,B];
;;;;;;4RIF[A,B];
;;;;;;4RIG[A,B];
;;;;;;4RIH[A,B];
;;;;;;4RII[A,B];
 olivosyltransferase (LanGT1);2.4.1.-;;Streptomyces cyanogenus S136;AAD13555.1;Q9ZGB8;;
;;;;QTE01590.1;;;
 olivosyltransferase (LanGT3);2.4.1.-;;Streptomyces cyanogenus S136;AAD13559.1;Q9ZGB4;;
 L-rhodinosyltransferase (LanGT4);2.4.1.-;;Streptomyces cyanogenus S136;AAD13562.1;Q9ZGB1;;
" TDP-L-Rha: CBS000020 α-L-rhamnosyltransferase (aranciamycin synthase) (AraGT;Orf21)";2.4.1.-;;Streptomyces echinatus SSP. AFGHANENSIS TU303 DSM 40730;ABL09968.1;A1C188;;
 C-12β-L-rhodinosyltransferase (UrdGT1a);2.4.1.-;pubmed;Streptomyces fradiae T#2717;AAF00214.1;Q9RPA2;;
 (12b -derhodinosyl-)urdamycin G D-olivosyltransferase (UrdGT1b);2.4.1.-;pubmed;Streptomyces fradiae T#2717;AAF00215.1;Q9RPA1;;
 aquayamycin / urdamycinone B L-rhodinosyltransferase (UrdGT1c);2.4.1.-;pubmed;Streptomyces fradiae T#2717;AAF00217.1;Q9RP99;;
 D-olivosyltransferase (UrdGT2);2.4.1.-;pubmed;Streptomyces fradiae T#2717;AAF00209.1;Q9RPA7;2P6P[A,B];
 dTDP-L-rhodosamine:aklavinone α-L-rhodosaminyltransferase (AknS);2.4.1.-;;Streptomyces galilaeus ATCC 31615;AAF73455.1;Q9L4U6;;
 β-olivosyltransferase (LndGT1);2.4.1.-;;Streptomyces globisporus 1912;AAS20331.1;Q6QR18;;
 D-olivosyltransferase (CmmGIV);2.4.1.-;;Streptomyces griseus subsp. griseus ATCC 13273;CAE17547.1;Q70J68;;
 premithramycin A1 / deacteyl-prechromomycin A3 D-olivosyltransferase (CmmGII);2.4.1.-;;Streptomyces griseus subsp. griseus ATCC 13273;CAE17548.1;Q70J67;;
 D-olivosyltransferase (CmmGIII);2.4.1.-;;Streptomyces griseus subsp. griseus ATCC 13273;CAE17545.1;Q70J70;;
 dideacetyl-prechromomycin A4 D-olivosyltransferase (CmmGI);2.4.1.-;;Streptomyces griseus subsp. griseus ATCC 13273;CAE17535.1;Q70J80;;
 dTDP-vicenisamine: vicenilactam β-vicenisaminyltransferase (VinC);2.4.1.-;;Streptomyces halstedii HC34;BAD08357.1;Q76KZ6;3WAD[A,B];
;;;;;;3WAG[A,B];
 TDP-nogalamine : 3prime,4prime-demethoxynogalose-1-hydroxynogalamycinone nogalaminyltransferase (SnogD);2.4.1.-;;Streptomyces nogalater;AAF01811.1;Q9RN61;4AMB[A,B];
;;;;;;4AMG[A,B];
;;;;;;4AN4[A,B,C,D];
 GDP-mycosamine: nystatin [macrolide] β-mycosaminyltransferase (NysDI);2.4.1.-;;Streptomyces noursei ATCC 11455;AAF71773.1;A0A1B2GJF9;;
;;;;ANZ14075.1;Q9L4W6;;
 cosmomycin α-L-rhodosaminyltransferase (CosG);2.4.1.-;;Streptomyces olindensis DAUFPE 5622;ABC00729.1;Q2PZR4;;
 dTDP-L-Rha: 8-demethyl-tetracenomycin C α-L-rhamnosyltransferase / elloramycin glycosyltransferase (ElmGT);2.4.1.-;;Streptomyces olivaceus;CAC16413.2;Q9F2F9;;
;;;;CAC32467.1;;;
;;;;CAP12607.1;;;
 β-mycosaminyltransferase (FscMI);2.4.1.-;;Streptomyces sp. FR-008;AAQ82555.1;A0A0S1UXD8;;
;;;;ALM43425.1;Q6W5Q9;;
 TDP-D-chalcose: macrolide chalcosyltransferase / TDP-D-desosamine: macrolide D-desosaminyltransferase (GerTII);2.4.1.-;;Streptomyces sp. KCTC 0041BP;ABB52547.1;Q331Q0;;
 steffimycin L-rhamnosyltransferase (StfG);2.4.1.-;;Streptomyces steffisburgensis ISP 5547;CAJ42338.1;Q2P9Y9;;
 TDP-D-desosamine: 10-deoxymethynolide/narbonolide desosaminyltransferase (DesVII);2.4.1.-;;Streptomyces venezuelae;AAC68677.1;Q9ZGH7;;
;;;;AAO96652.1;;;
;;;;AAO98871.1;;;
;;;;AAY77313.1;;;
 UDP-Glc: chalcone 4'-O-β-glucosyltransferase (Am4'CGT);2.4.1.286;;Antirrhinum majus;BAE48239.1;Q33DV3;;
;;;;ABR57234.1;;;
;;;;AFC90118.1;;;
;;;;CAX02388.1;;;
;;;;CBD06466.1;;;
" UDP-GlcA: scutellarein 7-O-β-glucuronosyltransferase (AmUGTcg10;UGT88D4) (UGT88D4)";2.4.1.-;;Antirrhinum majus;BAG31945.1;B2NIC9;;
" UDP-Apif: apigenin 7-O-glucoside β-1,2-apiosyltransferase (AgApiT; UGT94AX1)";2.4.2.25;pubmed;Apium graveolens;BDH72951.1;;;
" UDP-Glc: indole-3-carboxylic acid-, coniferyl alcohol-, flavonoid 7-O-glucosyltransferase (At4g34135; UGT73B2)";2.4.1.237;pubmed;Arabidopsis thaliana;AAK59668.1;F4JKK6;;
;2.4.1.35;pubmed;;AAM65945.1;Q8L9I7;;
;;;;AAN13230.1;Q94C57;;
;;;;AAR01231.1;W8QND5;;
;;;;AEE86328.1;;;
;;;;AEE86329.1;;;
;;;;AHL38663.1;;;
;;;;NP_567954.1;;;
;;;;NP_849492.1;;;
" UDP-Glc: flavonoid O7-β-glucosyltransferase / UDP-Glc:phenol β-glucosyltransferase (At4g34138; AtUGT73B1)";2.4.1.35;pubmed;Arabidopsis thaliana;AAL57652.1;A0A5S9XYV4;;
;;;;AAL90934.1;Q56ZD5;;
;;;;AAN31894.1;Q8VZE9;;
;;;;AEE86330.1;W8PUI6;;
;;;;AHL38662.1;;;
;;;;BAD94752.1;;;
;;;;NP_567955.1;;;
" UDP-Glc: sinapoyl-alcohol-, 2,5-DHBA-, 3,4-DHBA-β-glucosyltransferase / UDP-Glc:phenol β-glucosyltransferase (At4g01070; UGT72B1)";2.4.1.-;pubmed;Arabidopsis thaliana;CAB80916.1;A0A7G2F0G6;2VCE[A];
;2.4.1.35;pubmed;;AAB61023.1;F4JHS0;2VCH[A];
;;;;AAK25972.1;O04622;2VCU[A];
;;;;AAK64133.1;Q9M156;2VG8[A];
;;;;AAM61455.1;W8Q313;;
;;;;ABJ18919.1;;;
;;;;AEE81977.1;;;
;;;;AEE81978.1;;;
;;;;AHL38715.1;;;
;;;;CAD5326773.1;;;
;;;;NP_192016.1;;;
" UDP-glucose:caffeoyl-3-O-β-glucosyltransferase / UDP-Glc:phenol β-glucosyltransferase (At4g36770; UGT72C1) )";2.4.1.-;pubmed;Arabidopsis thaliana;CAB16822.1;O23205;;
;2.4.1.35;pubmed;;AEE86699.1;W8PV35;;
;;;;AHL38661.1;;;
;;;;CAB80343.1;;;
;;;;NP_195395.1;;;
" UDP-Glc:phenol β-glucosyltransferase (At4g15280; UGT71B5)";2.4.1.35;pubmed;Arabidopsis thaliana;CAB10307.1;A0A1P8B3E2;;
;;;;AEE83580.1;A0A654FPF5;;
;;;;ANM66102.1;O23382;;
;;;;CAB78570.1;;;
;;;;NP_193263.1;;;
" UDP-Glc: 4-hydroxybenzoate 4-O-β-glucosyltransferase / UDP-Glc:phenol β-glucosyltransferase (At4g15480; UGT84A1)";2.4.1.194;pubmed;Arabidopsis thaliana;AAN72025.1;A0A384L7H0;;
;2.4.1.35;pubmed;;AAU93568.1;O23400;;
;;;;AEE83609.1;Q5XF20;;
;;;;AHL38694.1;Q8H0V7;;
;;;;CAB10326.1;W8Q6K4;;
;;;;CAB78590.1;;;
;;;;NP_193283.1;;;
" UDP-Glc: indole-3-carboxylic acid-, synapate-, 4-coumarate glucosyltransferase (At4g15490; UGT84A3)";2.4.1.35;pubmed;Arabidopsis thaliana;AAL15277.1;O23401;;
;;;;AAL67035.1;Q8LB44;;
;;;;AAM64979.1;W8QNG3;;
;;;;AAN13214.1;;;
;;;;ACK08908.1;;;
;;;;AEE83610.1;;;
;;;;AHL38693.1;;;
;;;;CAB10327.1;;;
;;;;CAB78591.1;;;
;;;;NP_193284.1;;;
" UDP-Glc:sinapate 1-O-β-glucosyltransferase / UDP-Glc:phenol β-glucosyltransferase (At4g15500; UGT84A4)";2.4.1.120;pubmed;Arabidopsis thaliana;AAS99717.1;A0A654FPN8;;
;2.4.1.35;pubmed;;ACC18943.1;O23402;;
;;;;AEE83611.1;W8PUL7;;
;;;;AHL38692.1;;;
;;;;BAF01632.1;;;
;;;;CAB10328.1;;;
;;;;CAB78592.1;;;
;;;;NP_193285.1;;;
" indole-3-acetate β-glucosyltransferase / UDP-Glc:phenol β-glucosyltransferase (At4g15550; UGT75D1)";2.4.1.121;pubmed;Arabidopsis thaliana;AAB58497.1;O04930;;
;2.4.1.35;pubmed;;AAL24226.1;O23406;;
;;;;AAM65349.1;Q93Z19;;
;;;;AEE83624.1;W8PV63;;
;;;;AHL38691.1;;;
;;;;CAB10333.1;;;
;;;;CAB78597.1;;;
;;;;NP_567471.1;;;
" UDP-Glc zeatin O-β-glucosyltransferase / UDP-Glc:phenol β-glucosyltransferase (At2g36750; UGT73C1)";2.4.1.203;pubmed;Arabidopsis thaliana;AAD20151.1;A0A384LF39;;
;2.4.1.35;pubmed;;AAS87590.1;Q9ZQ99;;
;;;;ABH04490.1;W8Q3B6;;
;;;;AEC09294.1;;;
;;;;AHL38810.1;;;
;;;;NP_181213.1;;;
" UDP-Glc:phenol β-glucosyltransferase (At2g36770; UGT73C4)";2.4.1.35;pubmed;Arabidopsis thaliana;AAD20153.1;A0A5S9X538;;
;;;;AAM26689.1;Q9ZQ97;;
;;;;AAN72273.1;W8QNU5;;
;;;;AEC09296.1;;;
;;;;AHL38808.1;;;
;;;;NP_181215.1;;;
" UDP-Glc:phenol β-glucosyltransferase (At2g36780; UGT73C3)";2.4.1.35;pubmed;Arabidopsis thaliana;AAD20154.1;A0A5S9X4R7;;
;;;;AAK76671.1;Q9ZQ96;;
;;;;AAL85061.1;W8PUY4;;
;;;;AEC09297.1;;;
;;;;AHL38807.1;;;
;;;;NP_181216.1;;;
" zeatin O-β-glucosyltransferase / UDP-Glc:phenol β-glucosyltransferase (At2g36790; UGT73C6)";2.4.1.203;pubmed;Arabidopsis thaliana;AAD20155.1;A0A654EZH4;;
;2.4.1.35;pubmed;;AAS87591.1;Q9ZQ95;;
;;;;AEC09298.1;Q9ZQ95;;
;;;;AHL38806.1;W8PVK2;;
;;;;BAC42195.1;;;
;;;;NP_181217.1;;;
" zeatin O-β-glucosyltransferase 3; UDP-Glc:phenol β-glucosyltransferase (At2g36800; UGT73C5)";2.4.1.203;pubmed;Arabidopsis thaliana;AAD20156.1;A0A654F0W6;;
;2.4.1.35;pubmed;;AAL32821.1;Q9ZQ94;;
;;;;AAO30036.1;W8Q3B1;;
;;;;AAS87592.1;;;
;;;;AEC09299.1;;;
;;;;AHL38805.1;;;
;;;;NP_181218.1;;;
" UDP-Glc: salicylic acid/ indole-3-carboxylic acid / coniferyl alcohol / 2-HBA / BA-β-glucosyltransferase (At2g43840; UGT74F1)";2.4.1.35;pubmed;Arabidopsis thaliana;AAB64022.1;A0A384LDG7;;
;;;;AEC10332.1;F4IS54;;
;;;;AEC10333.1;O22820;;
;;;;AHL38794.1;W8Q6W5;;
;;;;BAD95102.1;;;
;;;;NP_181912.1;;;
" UDP-Glc: salicylic acid / anthranilate / BA-β-glucosyltransferase (At2g43820; UGT74F2) (salicylic acid glucose ester-forming)";2.4.1.35;pubmed;Arabidopsis thaliana;AAB64024.1;A0A384KK07;5U6M[A,B];
;;;;AAL32561.1;O22822;5U6N[A,B];
;;;;AAM64890.1;Q705R3;5U6S[A,B];
;;;;AAQ55278.1;Q705R4;5V2J[A,B];
;;;;ABD66577.1;W8Q3A1;5V2K[A,B];
;;;;ACH17570.1;;;
;;;;AEC10331.1;;;
;;;;AHL38795.1;;;
;;;;CAF04403.1;;;
;;;;CAF04404.1;;;
;;;;CAF04405.1;;;
;;;;CAF04406.1;;;
;;;;CAF04407.1;;;
;;;;NP_181910.1;;;
" UDP-Glc: phenol β-glucosyltransferase (At2g18570; UGT72D1)";2.4.1.35;pubmed;Arabidopsis thaliana;AAD12210.1;A0A654ETZ0;;
;;;;AAM13225.1;Q8RWA6;;
;;;;AAO30059.1;Q9ZU72;;
;;;;AEC06782.1;W8Q3H0;;
;;;;AHL38850.1;;;
;;;;NP_849978.2;;;
 At4g34130 (2,5-DHBA- and 2,4-DHBA-β-glucosyltransferase);2.4.1.-;;Arabidopsis thaliana;CAA17559.1;O49492;;
;;;;CAB80130.1;;;
" UDP-Glc:thiohydroximate S-glucosyltransferase / UDP-Glc:phenol β-glucosyltransferase (At1g24100; UGT74B1)";2.4.1.195;pubmed;Arabidopsis thaliana;AAC00570.1;A0A178WKT6;;
;2.4.1.35;pubmed;;AAK62453.1;O48676;;
;;;;AAN65047.1;;;
;;;;AAR17525.1;;;
;;;;AEE30478.1;;;
;;;;AHL38927.1;;;
;;;;BAF02066.1;;;
;;;;NP_173820.1;;;
" UDP-Glc:phenol β-glucosyltransferase; UDP-Glc: sinapyl alcohol β-glucosyltransferase (At5g26310; UGT72E3)";2.4.1.-;pubmed;Arabidopsis thaliana;AAC26233.1;A0A384LDU2;;
;2.4.1.35;pubmed;;ABO38789.1;O81498;;
;;;;AED93550.1;W8QN72;;
;;;;AHL38603.1;;;
;;;;NP_198003.1;;;
" At3g07020/F17A9.17 (UDP-Glc: sterol glucosyltransferase;Sgt;Ugt80A2)";2.4.1.173;;Arabidopsis thaliana;CAB06082.1;A0A1I9LNA9;;
;;;;AAF27006.1;C0Z2R7;;
;;;;AAL79582.1;O23649;;
;;;;AAO95500.1;Q93ZJ2;;
;;;;AAO95505.1;Q9M8Z7;;
;;;;AAO95506.1;W8PUV4;;
;;;;AAO95508.1;;;
;;;;AEE74489.1;;;
;;;;AEE74490.1;;;
;;;;AHL38777.1;;;
;;;;ANM64067.1;;;
;;;;BAH19530.1;;;
;;;;BAH56996.1;;;
;;;;CAB69509.1;;;
;;;;NP_187358.1;;;
;;;;NP_566297.1;;;
;;;;NP_566297.2;;;
" UDP-Glc:indole-3-acetate β-glucosyltransferase / UDP-Glc:phenol β-glucosyltransferase (At2g23260; UGT84B1)";2.4.1.35;pubmed;Arabidopsis thaliana;AAB87119.1;O22182;;
;;;;AAO63432.1;W8PVP7;;
;;;;ACC18944.1;;;
;;;;AEC07435.1;;;
;;;;AHL38841.1;;;
;;;;BAC43040.1;;;
;;;;NP_179907.1;;;
" UDP-Glc:phenol β-glucosyltransferase (At2g23250; UGT84B2)";2.4.1.35;pubmed;Arabidopsis thaliana;AAB87106.1;O22183;;
;;;;AEC07434.1;W8PV14;;
;;;;AHL38842.1;;;
;;;;NP_179906.1;;;
" UDP-Glc:phenol β-glucosyltransferase (At3g46720; UGT76E5)";2.4.1.35;pubmed;Arabidopsis thaliana;CAB51193.1;Q9STE6;;
;;;;AEE78197.1;;;
;;;;NP_190256.1;;;
" UDP-Glc:phenol β-glucosyltransferase (At3g46690; UGT76E4)";2.4.1.35;pubmed;Arabidopsis thaliana;CAB51196.1;Q8GZ65;;
;;;;AAO63438.1;Q9STE3;;
;;;;AEE78194.1;W8Q337;;
;;;;AHL38740.1;;;
;;;;BAC41861.1;;;
;;;;NP_190253.1;;;
" UDP-Glc:phenol β-glucosyltransferase (At3g46670; UGT76E11)";2.4.1.35;pubmed;Arabidopsis thaliana;CAB62337.1;A0A384KN75;;
;;;;AAL85034.1;Q8LFF5;;
;;;;AAM51411.1;Q9SNB1;;
;;;;AAM61443.1;W8PUR9;;
;;;;AEE78192.1;;;
;;;;AHL38742.1;;;
;;;;NP_190251.1;;;
" UDP-Glc:phenol β-glucosyltransferase (At3g46660; UGT76E12)";2.4.1.35;pubmed;Arabidopsis thaliana;AAK82559.1;A0A654FDF0;;
;;;;AAM53289.1;Q94AB5;;
;;;;AAN15675.1;Q9SNB2;;
;;;;AAO11554.1;W8QNL7;;
;;;;AEE78190.1;;;
;;;;AHL38743.1;;;
;;;;CAB62336.1;;;
;;;;NP_190250.1;;;
;;;;NP_566885.1;;;
" UDP-L-rhamnose: flavonol-3-O-rhamnosyltransferase / UDP-Glc:phenol β-glucosyltransferase (At1g30530; AtUGT78D1)";2.4.1.159;pubmed;Arabidopsis thaliana;AAF19756.1;A0A5S9WIX0;;
;2.4.1.35;pubmed;;AAK25870.1;Q9S9P6;;
;;;;AAL07161.1;Q9S9P6;;
;;;;AAM65321.1;W8PVA4;;
;;;;AEE31240.1;;;
;;;;AHL38917.1;;;
;;;;NP_564357.1;;;
 UDP-Glc:phenol β-glucosyltransferase (At3g53160UGT73C7);2.4.1.35;pubmed;Arabidopsis thaliana;CAB64219.1;Q9SCP5;;
;;;;AAT71965.1;W8Q326;;
;;;;AAV85702.1;;;
;;;;AEE79043.1;;;
;;;;AHL38730.1;;;
;;;;NP_190884.1;;;
" 3,4-DHBA-, 4-HBA-, 2,4-DHBA- and 2,5-DHBA-β-glucosyltransferase / UDP-Glc:phenol β-glucosyltransferase (At1g73880; UGT89B1)";2.4.1.194;pubmed;Arabidopsis thaliana;AHL38877.1;Q8RWP1;;
;2.4.1.35;pubmed;;AAF36747.1;Q9C9B0;;
;;;;AAG52529.1;W8PV55;;
;;;;AAM12962.1;;;
;;;;AAP31940.1;;;
;;;;AEE35520.1;;;
;;;;NP_177529.1;;;
;;;;NP_177529.2;;;
" anthocyanin 5-O-glucosyltransferase (UGT75C1;At4g14090)";2.4.1.-;;Arabidopsis thaliana;AAL69494.1;Q0WW21;;
;;;;AAL32667.1;W8Q6K8;;
;;;;AAM47973.1;;;
;;;;AAM91686.1;;;
;;;;AEE83370.1;;;
;;;;AHL38699.1;;;
;;;;BAE98677.1;;;
;;;;CAB10189.1;;;
;;;;CAB78452.1;;;
;;;;NP_193146.1;;;
" UDP-Glc: coniferyl aldehyde / sinapyl aldehyde β-glucosyltransferase; UDP-Glc:phenol β-glucosyltransferase (At3g50740; UGT72E1)";2.4.1.-;pubmed;Arabidopsis thaliana;AAK83619.1;Q94A84;;
;2.4.1.35;pubmed;;AAU90060.1;Q9S7R8;;
;;;;AEE78703.1;;;
;;;;AHL38734.1;;;
;;;;CAB42903.1;;;
;;;;CAB62443.1;;;
;;;;NP_566938.1;;;
" UDP-Glc:phenol β-glucosyltransferase (At1g78270; UGT85A4)";2.4.1.35;pubmed;Arabidopsis thaliana;AAF71803.1;A0A654EV58;;
;;;;AAM20493.1;Q9M9E7;;
;;;;AAN15561.1;W8PV43;;
;;;;AEE36089.1;;;
;;;;AHL38867.1;;;
;;;;NP_177950.1;;;
" UDP-L-Rha: flavonol α-7-O-L-rhamnosyltransferase (At1g06000; UGT89C1)";2.4.1.-;pubmed;Arabidopsis thaliana;AAF80123.1;A0MDY2;6IJ7[A,B];
;;;;AAM13132.1;Q1G3D2;6IJ9[A,B,C,D];
;;;;AAM60911.1;Q8LGD9;6IJA[A,B,C,D];
;;;;AAP31923.1;Q9LNE6;6IJD[A,B];
;;;;ABF59424.1;W8PVE7;;
;;;;ABK28084.1;;;
;;;;AEE27928.1;;;
;;;;AHL38967.1;;;
;;;;BAE98508.1;;;
;;;;NP_563756.1;;;
" UDP-Glc:phenol β-glucosyltransferase (At1g05560; UGT75B1)";2.4.1.35;pubmed;Arabidopsis thaliana;AAF79730.1;A0A1P8AP70;;
;;;;AAK32944.1;A0A384LJH7;;
;;;;AAK37839.1;Q9LR44;;
;;;;AAL77752.1;W8QPC2;;
;;;;ACC18939.1;;;
;;;;ACW97784.1;;;
;;;;AEE27854.1;;;
;;;;AHL38968.1;;;
;;;;ANM58449.1;;;
;;;;NP_563742.1;;;
" 3,4-DHBA- and 2,5-DHBA-β-glucosyltransferase (UGT71C4; At1g07250)";2.4.1.-;pubmed;Arabidopsis thaliana;AAG18592.1;A0A384KNH2;;
;2.4.1.35;pubmed;;AAK64176.2;Q94BM9;;
;;;;AAN71937.1;Q9LML6;;
;;;;AEE28097.1;W8QPB7;;
;;;;AHL38963.1;;;
;;;;NP_563784.1;;;
" UDP-Glc: indole-3-carboxylic acid-, sinapoyl-alcohol-glucosyltransferase (UGT71C3;At1g07260/F10K1.3)";2.4.1.-;pubmed;Arabidopsis thaliana;AAF82195.1;Q9LML7;;
;2.4.1.35;pubmed;;AAP21287.1;W8PVE2;;
;;;;AEE28098.1;;;
;;;;AHL38962.1;;;
;;;;BAF00172.1;;;
;;;;NP_172206.1;;;
" UDP-Glc:phenol β-glucosyltransferase (At5g59590; UGT76E2)";2.4.1.35;pubmed;Arabidopsis thaliana;BAA97493.1;A0A384KI83;;
;;;;AAO42179.1;Q9LTH2;;
;;;;AAO63914.1;W8PUA4;;
;;;;AED97209.1;;;
;;;;AHL38572.1;;;
;;;;NP_200767.1;;;
" UDP-Glc:phenol β-glucosyltransferase (At5g59580; UGT76E1)";2.4.1.35;pubmed;Arabidopsis thaliana;BAA97492.1;Q9LTH3;;
;;;;AED97208.1;W8QN43;;
;;;;AHL38573.1;;;
;;;;NP_200766.2;;;
" UDP-Glc: coniferyl alcohol β-glucosyltransferase (UGT72E2;At5g66690/MSN2.8)";2.4.1.-;pubmed;Arabidopsis thaliana;BAA97275.1;A0A5S9YHL2;;
;2.4.1.35;pubmed;;AAL32714.1;Q8LEG2;;
;;;;AAL47362.1;Q9LVR1;;
;;;;AAM62659.1;W8PUV8;;
;;;;AED98252.1;;;
;;;;AHL38566.1;;;
;;;;CAK32153.1;;;
;;;;NP_201470.1;;;
" UDP-Glc:phenol β-glucosyltransferase (At1g22370; UGT85A5)";2.4.1.35;pubmed;Arabidopsis thaliana;AAF87255.1;Q94BU0;;
;;;;AAK64001.1;Q9LMF0;;
;;;;AAL76149.1;W8PVB6;;
;;;;AAV32497.1;;;
;;;;AEE30234.1;;;
;;;;AEE30235.1;;;
;;;;AHL38932.1;;;
;;;;BAF02177.1;;;
;;;;NP_564170.1;;;
" UDP-Glc:phenol β-glucosyltransferase (At3g16520; UGT88A1)";2.4.1.35;pubmed;Arabidopsis thaliana;BAB01151.1;A0A654F941;;
;;;;AAK59856.1;B9DI61;;
;;;;AAM65752.1;Q8L9U9;;
;;;;AAN28841.1;Q9LK73;;
;;;;AEE75829.1;W8PUU0;;
;;;;AEE75830.1;;;
;;;;AEE75831.1;;;
;;;;AHL38762.1;;;
;;;;BAH19474.1;;;
;;;;BAH20428.1;;;
;;;;NP_566549.1;;;
;;;;NP_566550.1;;;
" UDP-Glc: phenol β-glucosyltransferase (At3g21800; UGT71B8)";2.4.1.35;pubmed;Arabidopsis thaliana;BAB02842.1;Q9LSY4;;
;;;;AEE76553.1;W8Q6R8;;
;;;;AHL38754.1;;;
;;;;NP_188817.1;;;
" UDP-Glc:phenol β-glucosyltransferase (At3g21780; UGT71B6) (abscisic acid β-glucosyltransferase)";2.4.1.-;;Arabidopsis thaliana;BAB02840.1;Q9LSY6;;
;2.4.1.35;;;ABM06021.1;W8Q353;;
;;;;AEE76551.1;;;
;;;;AHL38755.1;;;
;;;;NP_188815.1;;;
" 2,5-DHBA-, 3,4-DHBA, 2,4-DHBA- and 4-HBA-β-glucosyltransferase (At3g21750; UGT71B1)";2.4.1.-;pubmed;Arabidopsis thaliana;BAB02837.1;Q9ASY6;;
;2.4.1.35;pubmed;;AAK32764.1;Q9LSY9;;
;;;;AEE76548.1;W8PUT5;;
;;;;AHL38757.1;;;
;;;;BAE99192.1;;;
;;;;NP_188812.1;;;
" UDP-Glc: indole-3-carboxylic acid-, sinapoyl-alcohol-, sinapate glucosyltransferase / UDP-Glc:phenol β-glucosyltransferase (At3g21560; UGT84A2)";2.4.1.120;pubmed;Arabidopsis thaliana;AAN13000.1;A0A384L2P1;;
;2.4.1.35;pubmed;;AAM13998.1;Q8RX23;;
;;;;ACC18940.1;Q9LVF0;;
;;;;ACW94348.1;W8QNN5;;
;;;;AEE76523.1;;;
;;;;AHL38758.1;;;
;;;;BAB02351.1;;;
;;;;NP_188793.1;;;
" UDP-Glc:phenol β-glucosyltransferase (At1g01420; UGT72B3)";2.4.1.35;pubmed;Arabidopsis thaliana;AAF97321.1;A0A1P8AUD8;;
;;;;ABP88123.1;Q9LNI1;;
;;;;AEE27284.1;W8PW48;;
;;;;AHL38976.1;;;
;;;;ANM60250.1;;;
;;;;BAD43267.1;;;
;;;;NP_171649.1;;;
" UDP-Glc:phenol β-glucosyltransferase (At1g07240; UGT71C5)";2.4.1.35;pubmed;Arabidopsis thaliana;AAG18591.1;A0A384KDE5;;
;;;;AAG48783.1;Q9FE68;;
;;;;AAL38366.1;W8Q7E2;;
;;;;AAM13242.1;;;
;;;;AAM65993.1;;;
;;;;AEE28096.1;;;
;;;;AHL38964.1;;;
;;;;NP_172204.1;;;
" UDP-Glc: scopoletin / 3,4-DHBA- / 3-HBA-3-O-β-glucosyltransferase (UGT71C1;At2g29750)";2.4.1.-;pubmed;Arabidopsis thaliana;AAC35226.1;O82381;;
;2.4.1.35;pubmed;;AAY56417.1;W8Q707;;
;;;;ABH04565.1;;;
;;;;AEC08300.1;;;
;;;;AHL38829.1;;;
;;;;NP_180536.1;;;
"  UDP-Glc:phenol β-glucosyltransferase (At2g29740; UGT71C2)";2.4.1.35;pubmed;Arabidopsis thaliana;AAC35238.1;O82382;;
;;;;AAO42176.1;W8Q3E5;;
;;;;AAO63909.1;;;
;;;;ACC18949.1;;;
;;;;ACW94083.1;;;
;;;;AEC08299.1;;;
;;;;AHL38830.1;;;
;;;;NP_180535.1;;;
" UDP-Glc: phenol β-glucosyltransferase (At2g29730; UGT71D1)";2.4.1.35;pubmed;Arabidopsis thaliana;AAC35239.1;O82383;;
;;;;AAM20409.1;W8PVN2;;
;;;;AAM64503.1;;;
;;;;AAP31943.1;;;
;;;;AEC08298.1;;;
;;;;AHL38831.1;;;
;;;;NP_180534.1;;;
" UDP-Glc:phenol β-glucosyltransferase (At2g15480; UGT73B5)";2.4.1.35;pubmed;Arabidopsis thaliana;AAD17392.1;F4IIG3;;
;;;;AAM91525.1;Q8L7Q5;;
;;;;AAU94428.1;Q9ZQG4;;
;;;;AEC06405.1;W8Q735;;
;;;;AEC06406.1;;;
;;;;AHL38854.1;;;
;;;;NP_179150.2;;;
" 3,4-DHBA- and 2,5-DHBA-β-glucosyltransferase / UDP-Glc:phenol β-glucosyltransferase (At2g15490; UGT73B4)";2.4.1.-;pubmed;Arabidopsis thaliana;AAP37678.1;A0A384KAI6;;
;2.4.1.35;pubmed;;AAD17393.1;F4IIG6;;
;;;;AEC06407.1;Q7Y232;;
;;;;AEC06408.1;Q9ZQG3;;
;;;;AEC06409.1;W8QNZ5;;
;;;;AHL38853.1;;;
;;;;BAE99671.1;;;
;;;;NP_179151.2;;;
" trans-zeatin (cytokinin) O-glucosyltransferase (UGT85A1;At1g22400/F12K8.26)";2.4.1.203;;Arabidopsis thaliana;AAF18537.1;Q9SK82;;
;;;;AAL91228.1;W8Q3R5;;
;;;;AAP49527.1;;;
;;;;AEE30237.1;;;
;;;;AHL38930.1;;;
;;;;CAM55393.1;;;
;;;;NP_173656.1;;;
" UDP-Glc: quercetin 3-O-glucosyltransferase / 3,4-DHBA-/4-HBA-4-O-β-glucosyltransferase (At5g17050; UGT78D2)";2.4.1.194;pubmed;Arabidopsis thaliana;CAC01718.1;A0A384L9K8;;
;2.4.1.91;pubmed;;AAL61932.1;Q9LFJ8;;
;2.4.1.35;pubmed;;AAM91139.1;W8PUE7;;
;;;;AED92377.1;;;
;;;;AHL38622.1;;;
;;;;NP_197207.1;;;
" UDP-β-L-Ara: α-L-arabinosyltransferase (AtUGT78D3;At5g17030)";2.4.2.-;;Arabidopsis thaliana;CAC01716.1;A0A384LMC1;;
;;;;AAM65712.1;Q9LFK0;;
;;;;AED92375.1;W8QN92;;
;;;;AHL38623.1;;;
;;;;NP_197205.1;;;
" At5g05870/K18J17.2 (cytokinin glucosyltransferase; UGT76C1)";2.4.1.203;;Arabidopsis thaliana;BAB10792.1;Q0WRJ5;;
;;;;AAP21281.1;Q9FI99;;
;;;;AED90934.1;W8PUG4;;
;;;;AHL38642.1;;;
;;;;BAF00254.1;;;
;;;;NP_196206.1;;;
" At5g05860/MJJ3.28 (cytokinin glucosyltransferase; UGT76C2)";2.4.1.203;;Arabidopsis thaliana;BAB10791.1;Q9FIA0;;
;;;;AAK73975.1;W8QNB5;;
;;;;AAN28835.1;;;
;;;;AED90933.1;;;
;;;;AHL38643.1;;;
;;;;NP_196205.1;;;
" UDP-Glc: phenol β-glucosyltransferase (At5g05880; UGT76C4)";2.4.1.35;pubmed;Arabidopsis thaliana;BAB10793.1;A0A068FHS2;;
;;;;AED90935.1;A0A654FYW3;;
;;;;AID66004.1;Q9FI98;;
;;;;NP_196207.1;;;
" UDP-Glc: coniferyl alcohol β-glucosyltransferase / UDP-Glc:phenol β-glucosyltransferase (At4g34131; UGT73B3)";2.4.1.-;pubmed;Arabidopsis thaliana;AAL32831.1;Q8W491;;
;2.4.1.35;pubmed;;AAM47999.1;W8Q6H7;;
;;;;ACC18946.1;;;
;;;;ACW92357.1;;;
;;;;AEE86327.1;;;
;;;;AHL38664.1;;;
;;;;NP_567953.1;;;
  flavone-C-arabinosytransferase (AeCGTb);2.4.1.-;;Arisaema erubescens;QLF98868.1;A0A859N7A4;;
 flavone-C-glucosytransferase (AeCGTa);2.4.1.-;;Arisaema erubescens;QLF98867.1;A0A859N8U3;;
 UDP-Glc: sterol glucosyltransferase (Ugt80A1);2.4.1.173;;Avena sativa;CAB06081.1;O22678;;
;;;;AAO95495.1;;;
;;;;AAO95496.1;;;
;;;;AAO95507.1;;;
;;;;CAB69508.1;;;
" UDP-GlcA: anthocyanin-3-O-glucoside β-glucuronosyltransferase (UGT94B1;BpUGAT)";2.4.1.-;;Bellis perennis;BAD77944.1;Q5NTH0;;
 UDP-Glc: flavonoid-O-glucosyltransferase;2.4.1.-;;Beta vulgaris;AAS94329.1;Q5GIG8;;
;;;;CAX02404.1;;;
;;;;CBD06497.1;;;
 UDP-glucuronosyltransferase UGT1A4;2.4.1.17;;Bos taurus;BAA23359.1;O18736;;
;;;;AAI51539.1;Q3HUQ6;;
;;;;ABA40994.1;;;
;;;;NP_777187.1;;;
" UDP-Gal ceramide galactosyltransferase (Cgt; Ugt8) (fragment)";2.4.1.47;;Bos taurus L1 Hereford;AAI34490.1;A4IFB0;;
;;;;AAK16235.1;Q9BDZ8;;
" UDP-Glc: sinapate 1,O-β-glucosyltransferase (SGT1;BnSGT1;UGT84A9)";2.4.1.120;;Brassica napus;AAF98390.1;Q9FYU7;;
;;;;CAD23330.1;;;
;;;;CAX02537.1;;;
;;;;CBD06720.1;;;
 steroid glycosyltransferase;2.4.1.173;doi;Calotropis gigantea;AYC35243.1;A0A385Z7H9;7W09[A];
;;;;;;7W0K[A];
;;;;;;7W0Z[A];
;;;;;;7W10[A];
;;;;;;7W11[A];
;;;;;;7W1B[A];
;;;;;;7W1H[A];
" UDP-Glc: geraniol O-β-glucosyltransferase / UDP-glycosyltransferase 85K11 (CsGT1;UGT85K11;Csugtc30)";2.4.1.-;;Camellia sinensis;BAO51834.1;W6JQJ7;;
" UDP-Xyl: geranyl-β-glucopyranoside β-1,6-xylosyltransferase / UDP-glycosyltransferase 94P1 (CsGT2;UGT94P1;Csugt134)";2.4.2.-;;Camellia sinensis;BAO51835.1;W6JNP4;;
 UDP-Glc: sterol glucosyltransferase (UGT51C1);2.4.1.173;;Candida albicans;AAD29571.1;Q5A950;;
;;;;AAO95503.1;Q9Y752;;
 UDP-Glc: flavonoid glucoside β-1,6-glucosyltransferase (CaUGT3);2.4.1.-;;Catharanthus roseus;BAH80312.1;C5NN14;;
 UDP-Glc: permissive steroid β-glycosyltransferase (UGT74AN3);2.4.1.173;pubmed;Catharanthus roseus;AYC35244.1;A0A385Z961;8IN7[A];
;;;;;;8INA[A];
;;;;;;8IND[A];
;;;;;;8INJ[A];
;;;;;;8INO[A];
;;;;;;8INV[A];
;;;;;;8WRJ[A];
;;;;;;8WRK[A];
" UDP-Glc: curcumin / curcumin-monoglucoside glucosyltransferase (Ugt2;CaUGT2)";2.4.1.-;;Catharanthus roseus;BAD29722.1;Q6F4D5;;
;;;;CAX02450.1;;;
;;;;CBD06588.1;;;
" UDP-Glc: 7-deoxyloganetin β-glucosyltransferase (Ugt6;CrUGT6;Cr-UGT6;UGT85A23)";2.4.1.-;;Catharanthus roseus;BAK55749.1;F8WLS6;;
" UDP-Glc: iridoid glucosyltransferase (Ugt7;CrUGT7;Cr-UGT7;UGT76A2)";2.4.1.-;;Catharanthus roseus;BAO01108.1;U3UA11;;
" UDP-Glc: 7-deoxyloganetic acid β-glucosyltransferase (Ugt8;CrUGT8;Cr-UGT8;UGT709C2)";2.4.1.-;;Catharanthus roseus;BAO01109.1;U3U992;;
;;;;AGX93065.1;U5NH37;;
;;;;AHK60835.1;;;
 UDP glucuronosyltransferase UGT2A3;2.4.1.17;;Cavia porcellus;AAD51732.1;Q9R110;;
;;;;ABE17748.1;;;
 UDP-glucuronosyltransferase 2B21 (UGT2B21);2.4.1.17;;Cavia porcellus HARTLEY;BAB82476.1;Q8VIF9;;
" UDP-Glc: flavonoid C-glucosyltransferase (ChCGT;UGT708G3)";2.4.1.360;;Citrus hanaju;BBA18064.1;A0A224AMA5;;
" UDP-Glc: flavonoid C-glucosyltransferase (FcCGT;UGT708G1)";2.4.1.360;;Citrus japonica;BBA18062.1;A0A224AM54;;
" UDP-L-Rha: flavanone-7-O-β-glucoside α-1,2-L-rhamnosyltransferase (C12RT1; 1,2RhaT; Cm1,2RhaT; Pummelo-RhaT)";2.4.1.-;pubmed;Citrus maxima;AAL06646.2;D0UZK1;;
;;;;AAU99997.1;H6WD97;;
;;;;ACX70154.1;Q8GVE3;;
;;;;AFB73772.1;;;
" UDP-Glc: flavonoid C-glucosyltransferase (CuCGT;UGT708G2)";2.4.1.360;;Citrus unshiu;BBA18063.1;A0A224AKZ9;;
 UDP-Glc: limonoid β-glucosyltransferase (LGTase);2.4.1.210;;Citrus unshiu;BAA93039.1;B6RNG4;;
;;;;ABX46237.1;B6RNG5;;
;;;;ABX46238.1;Q9MB73;;
;;;;CAX02572.1;;;
;;;;CBD06756.1;;;
 UDP-Glc: betanidin-5-O-glucosyltransferase;2.4.1.-;;Cleretum bellidiforme;CAB56231.1;Q9SMG6;;
;;;;CAX02548.1;;;
;;;;CBD06731.1;;;
" UDP-Glc: anthocyanidin 3-O-glucosyltransferase (Ct3GT-A;UGT78K6)";2.4.1.115;;Clitoria ternatea;BAF49297.1;A4F1R4;3WC4[A];
;;;;;;4REL[A];
;;;;;;4REM[A];
;;;;;;4REN[A];
;;;;;;4WHM[A];
" UDP-Glc: flavonol β-3,O-glucosyltransferase (F3GT;Co-F3GT;UGT78B3)";2.4.1.91;pubmed;Consolida orientalis;AEB61484.1;F8R891;;
" UDP-Glc: benzoxazinoid[DIBOA] β-glucosyltransferase (Bx8;Co-BX8;UGT85N1)";2.4.1.202;;Consolida orientalis;AEB61489.1;F8R896;;
 UDP-Glc: flavonol-3-O-glucoside β-1,2-glucosyltransferase (Ugt707b1);2.4.1.-;;Crocus sativus;CCG85331.1;I7ICE3;;
 C-glycosyltransferase (CgT);2.4.-.-;pubmed;Dendrobium catenatum;QOD39011.1;A0A7M3U3M6;;
 UDP-Glc:flavonoid 3-O-glucosyltransferase (DicGT1);2.4.1.91;;Dianthus caryophyllus;BAD52003.1;Q60FF2;;
;;;;CAX02417.1;;;
;;;;CBD06522.1;;;
 UDP-Glc: chalcononaringenin 2'-O-glucosyltransferase (DicGT4);2.4.1.-;doi;Dianthus caryophyllus;BAD52006.1;Q60FE9;;
;;;;CAX02416.1;;;
;;;;CBD06520.1;;;
 UDP-Glc: chalcononaringenin 2'-O-glucosyltransferase (DicGT5);2.4.1.-;;Dianthus caryophyllus;BAD52007.1;Q60FE8;;
;;;;BBD75332.1;;;
;;;;CAX02415.1;;;
;;;;CBD06518.1;;;
" UDP-Glc: flavonol 3-O-glucosyltransferase (DicGT3;Dct48)";2.4.1.91;;Dianthus caryophyllus;BAD52005.1;Q60FF0;;
;;;;BAF75881.1;;;
 UDP-Glc: flavonol 3-O-glucosyltransferase (DicGT2) (probable fragment);2.4.1.91;;Dianthus caryophyllus;BAD52004.1;Q60FF1;;
 UDP-Glc: sterol glucosyltransferase (Ugt52);2.4.1.173;;Dictyostelium discoideum;AAD28546.1;Q54IL5;;
;;;;;Q9XYD4;;
 apigenin 6-C-glucosyltransferase UGT84A57 (Wjgt1);2.4.1.-;;Eutrema japonicum;BBI55602.1;;;
" UDP-Glc: 2-hydroxyflavanone C-glucosyltransferase (FeCGTa;UGT708C1)";2.4.1.360;;Fagopyrum esculentum;BAP90360.1;A0A0A1HA03;6LLG[A,B];
;;;;;;6LLW[A,B];
;;;;;;6LLZ[A,B];
;;;;;;7CYW[A];
 glucuronosyltransferase (UGT1A1);2.4.1.17;;Felis catus;BAA24692.1;O46423;;
 glucuronosyltransferase (UGT1A);2.4.1.17;;Felis catus;AAB96667.1;O46548;;
 glucuronosyltransferase (UGT1A);2.4.1.17;;Felis catus;AAB96668.1;O46549;;
 flavonol O3-glucosyltransferase (UFGT);2.4.1.91;;Forsythia x intermedia;AAD21086.1;Q9XF16;;
;;;;CAX02554.1;;;
;;;;CBD06738.1;;;
 UDP-Glc: flavonoid-3-O-glucosyltransferase (Ufgt);2.4.1.91;;Fragaria x ananassa;AAU12367.1;A0A387J036;;
;;;;AAS89832.1;Q5UL10;;
;;;;AAU12366.1;;;
;;;;BBD34311.1;;;
;;;;CAX02409.1;;;
;;;;CAX02410.1;;;
;;;;CAX02453.1;;;
;;;;CBD06507.1;;;
;;;;CBD06509.1;;;
;;;;CBD06593.1;;;
" UDP-Glc: cinnamate glucosyltransferase (Sgt2;FaGT2)";2.4.1.177;;Fragaria x ananassa;AAU09443.1;Q66PF4;;
;;;;CAX02428.1;;;
;;;;CBD06544.1;;;
 UDP-Gal: ceramide galactosyltransferase (Cgt);2.4.1.47;;Gallus gallus;AAK16234.1;Q98TB5;;
 UDP-Glc: anthocyanin 3'-O-glucosyltransferase (3'GT);2.4.1.238;;Gentiana triflora;BAC54092.1;Q8H0F2;;
;;;;CAX02481.1;;;
;;;;CBD06648.1;;;
 flavonol 3-O-glucosyltransferase;2.4.1.91;;Gentiana triflora;BAA12737.1;Q96493;;
;;;;CAX02585.1;;;
;;;;CBD06768.1;;;
 UDP-Glc: anthocyanin 5-O-glucosyltransferase (Gt5GT7);2.4.1.-;;Gentiana triflora;BAG32255.1;B2NID7;;
 anthocyanin 5-O-glucosyltransferase (Hgt8);2.4.1.-;;Glandularia x hybrida;AAY01450.1;Q9ZR25;;
;;;;ACP76228.1;;;
;;;;BAA36423.1;;;
;;;;CAX02556.1;;;
;;;;CBD06740.1;;;
 2-hydroxyflavanone C-glucosyltransferase (UGT708D1);2.4.1.360;;Glycine max;ACU22927.1;C6TJ37;;
;;;;BAR73279.1;I1L3T1;;
" UDP-L-Rha: flavonol 3-O-glucoside α-1,6-L-rhamnosyltransferase (GmF3G6â€³Rt-a; GmF3G6R-b; UGT79A6; Fg2)";2.4.1.-;pubmed;Glycine max;BAN91401.1;I1LCI8;;
;;;;BAN91400.1;U3THC0;;
" UDP-Glc: isoflavone 7-O-glucosyltransferase (GmIF7GT;UGT88E3)";2.4.1.170;;Glycine max;BAF64416.1;A6BM07;;
;;;;BAO79436.1;I1MPF3;;
 diâ€Câ€glycosyltransferase (GgCGT);2.4.1.360;;Glycyrrhiza glabra;QGL05036.1;A0A6I8WFN2;6L5P[A];
;;;;;;6L5Q[A];
;;;;;;6L5R[A];
;;;;;;6L5S[A];
;;;;;;6L7H[A];
 UDP-Glc: glycyrrhetinic acid β-3-O-glucosyltransferase (GuUGT);2.4.1.-;pubmed;Glycyrrhiza uralensis;QHB92961.1;A0A6B9MEN6;;
 flavone-C-arabinosytransferase (GuCGTb);2.4.1.-;;Glycyrrhiza uralensis;QLF98866.1;A0A859N6U6;;
 flavone C-glycosyltransferase (GuCGTa);2.4.1.-;;Glycyrrhiza uralensis;QLF98865.1;A0A859N8S7;;
" UDP-Apif: apiosyltransferase (GuApiGT; UGT79B74; MSTRG.23171.4)";2.4.2.25;pubmed;Glycyrrhiza uralensis;WMX18668.1;A0AA51Z2W4;8HZZ[A,B];
" β-glucuronosyltransferase (73P12;Ugt73p12)";2.4.1.17;pubmed;Glycyrrhiza uralensis Hokkaido-iryodai;BBN60799.1;A0A5A4WN00;7C2X[A];
" UDP-Gal ceramide 1-β-galactosyltransferase / cerebroside synthase (CGalT; UGT8)";2.4.1.47;pubmed;Homo sapiens;AAC50565.1;B3KXU7;;
;;;;AAC50815.1;B4DG70;;
;;;;AAC51187.1;Q16880;;
;;;;AAH75069.1;;;
;;;;ABA82442.1;;;
;;;;BAG54609.1;;;
;;;;BAG57681.1;;;
;;;;NP_003351.2;;;
 UDP-GlcA: glucuronosyltransferase 2B17 (Ugt2b17);2.4.1.17;;Homo sapiens;AAC25491.1;O75795;7YAN[A,B,C,D];
;;;;NP_001068.1;;;
" UDP-GlcA: glucuronosyltransferase 1A1 (Ugt1a1;Ugt1;Gnt1)";2.4.1.17;;Homo sapiens;AAA63195.1;P22309;;
;;;;AAA61248.1;Q5DT03;;
;;;;AAF03522.1;Q9H3F9;;
;;;;AAG30424.1;W6JGU4;;
;;;;AAG43197.1;W6JHY2;;
;;;;AAI28415.1;W6JIA6;;
;;;;AAI28416.1;W6JNV6;;
;;;;AAR95637.1;;;
;;;;AAS99732.1;;;
;;;;ABC88474.1;;;
;;;;ABC96771.1;;;
;;;;ACM80449.1;;;
;;;;ACM82186.1;;;
;;;;AFH35129.1;;;
;;;;AFN10616.1;;;
;;;;BAF83523.1;;;
;;;;BAO48177.1;;;
;;;;BAO48178.1;;;
;;;;BAO48180.1;;;
;;;;BAO48181.1;;;
;;;;NP_000454.1;;;
;;;;XP_058253.1;;;
 glucuronosyltransferase 1A10 (Ugt1a10);2.4.1.17;pubmed;Homo sapiens;AAB81537.1;Q13406;;
;;;;AAA80547.2;Q5DT02;;
;;;;AAG30417.1;Q7Z6H8;;
;;;;AAH20971.1;Q9HAW8;;
;;;;AAH53576.1;;;
;;;;AAH69210.2;;;
;;;;AAR95638.1;;;
;;;;NP_061948.1;;;
 Glucuronosyltransferase 1A7 (Ugt1a7);2.4.1.17;pubmed;Homo sapiens;AAB81536.1;Q4R0Z5;;
;;;;AAG30419.1;Q5DSZ7;;
;;;;AAH01521.2;Q5K632;;
;;;;AAK97173.1;Q5K672;;
;;;;AAK97174.1;Q5K673;;
;;;;AAK97175.1;Q5K674;;
;;;;AAQ04300.1;Q96DH9;;
;;;;AAQ04301.1;Q96PN9;;
;;;;AAQ04478.1;Q96PP0;;
;;;;AAQ04806.1;Q96PP1;;
;;;;AAQ07456.1;Q9HAW7;;
;;;;AAR95643.1;;;
;;;;ABD42926.1;;;
;;;;CAL32687.1;;;
;;;;NP_061950.2;;;
 Glucuronosyltransferase 1A8 (Ugt1a8);2.4.1.17;pubmed;Homo sapiens;AAB84259.1;A9JQZ1;;
;;;;AAG30416.1;A9JQZ2;;
;;;;AAL75963.1;A9JQZ4;;
;;;;AAL75964.1;Q5DSZ6;;
;;;;AAR95644.1;Q9HAW9;;
;;;;AAX47026.1;;;
;;;;AAX47027.1;;;
;;;;AAX47028.1;;;
;;;;AAX47029.1;;;
;;;;AAX47030.1;;;
;;;;AAX47031.1;;;
;;;;AAX47032.1;;;
;;;;ABC96775.1;;;
;;;;BAG36270.1;;;
;;;;NP_061949.3;;;
 UDP-GlcA: glucuronosyltransferase 1A9 (Ugt1a9);2.4.1.17;;Homo sapiens;AAC31425.1;A9UKF4;;
;;;;AAG29816.1;A9UKF7;;
;;;;AAG30418.1;O60656;;
;;;;AAH58844.1;Q330M4;;
;;;;AAQ05894.1;Q4R0Z6;;
;;;;AAQ05895.1;Q4R0Z7;;
;;;;AAQ84220.1;Q53E75;;
;;;;AAQ84221.1;Q5DSZ5;;
;;;;AAQ84222.1;;;
;;;;AAQ84223.1;;;
;;;;AAQ84224.1;;;
;;;;AAQ84225.1;;;
;;;;AAQ84226.1;;;
;;;;AAQ84227.1;;;
;;;;AAQ84228.1;;;
;;;;AAQ84229.1;;;
;;;;AAQ92914.1;;;
;;;;AAQ92915.1;;;
;;;;AAQ92916.1;;;
;;;;AAR10772.1;;;
;;;;AAR86933.1;;;
;;;;AAR86934.1;;;
;;;;AAR95645.1;;;
;;;;AAT77229.1;;;
;;;;AAT77230.1;;;
;;;;AAT77231.1;;;
;;;;AAT77232.1;;;
;;;;AAY32605.1;;;
;;;;AAY32606.1;;;
;;;;AAY32607.1;;;
;;;;AAY32608.1;;;
;;;;AAY32609.1;;;
;;;;AAY32610.1;;;
;;;;AAY32611.1;;;
;;;;AAY56382.1;;;
;;;;ABC96770.1;;;
;;;;CAD12274.1;;;
;;;;CAD12275.1;;;
;;;;NP_066307.1;;;
 Glucuronosyltransferase 1A2 (Ugt1a2);2.4.1.17;;Homo sapiens;AAB19791.1;O60656;;
;;;;;P36509;;
" UDP-GlcA: glucuronosyltransferase 1A3 (Ugt1a3;UGT1C;UGT1;GNT1)";2.4.1.17;;Homo sapiens;AAG30423.1;A7E1U4;;
;;;;AAA92020.1;A7E1U5;;
;;;;AAR95639.1;A7E1U6;;
;;;;AAT94066.1;A7E1U7;;
;;;;AAY32612.1;A7E1U8;;
;;;;AAY32613.1;A7E1U9;;
;;;;AAY32614.1;A7ISW3;;
;;;;AAY32615.1;A9UKC8;;
;;;;AAY32616.1;A9UKC9;;
;;;;AAY32617.1;A9UKD1;;
;;;;AAY32618.1;B1MV79;;
;;;;AAY32619.1;P35503;;
;;;;AAY32620.1;Q5DT01;;
;;;;AAY32621.1;Q75XT3;;
;;;;AAY32622.1;Q75XT5;;
;;;;AAY32623.1;Q8WX89;;
;;;;AAY32624.1;Q8WX90;;
;;;;AAY32625.1;;;
;;;;ABC96772.1;;;
;;;;ABD60346.1;;;
;;;;ABD60347.1;;;
;;;;BAD12517.1;;;
;;;;BAD12518.1;;;
;;;;BAD12519.1;;;
;;;;BAD12520.1;;;
;;;;NP_061966.1;;;
 UDP-GlcA: glucuronosyltransferase 1A4 (Ugt1a4);2.4.1.17;;Homo sapiens;AAA63196.1;A3KME6;;
;;;;AAG30422.1;A9UKD7;;
;;;;AAI21037.1;A9UKD8;;
;;;;AAI31624.1;A9UKD9;;
;;;;AAI39785.1;B8K2E8;;
;;;;AAR95640.1;B8K2E9;;
;;;;AAY24023.1;B8K2F1;;
;;;;AAY32626.1;B8K2F4;;
;;;;AAY32627.1;B8K2F8;;
;;;;AAY32628.1;P22310;;
;;;;AAY32629.1;Q0VAJ1;;
;;;;ABC96773.1;Q53QD2;;
;;;;ABE01866.1;Q5DT00;;
;;;;ABE01867.1;;;
;;;;ABE01869.1;;;
;;;;ABE01872.1;;;
;;;;ABE01876.1;;;
;;;;BAG36384.1;;;
;;;;NP_009051.1;;;
 glucuronosyltransferase 1A5 (Ugt1a5);2.4.1.17;;Homo sapiens;AAG30421.1;F5HPU6;;
;;;;AAA61250.1;F5HPU8;;
;;;;AAQ03151.1;P35504;;
;;;;AAQ03152.1;Q5DSZ9;;
;;;;AAQ03153.1;Q5QTD9;;
;;;;AAQ03154.1;Q5QTE0;;
;;;;AAQ03155.1;Q5QTE1;;
;;;;AAQ03156.1;Q5QTE2;;
;;;;AAQ03157.1;Q5QTE3;;
;;;;AAR95641.1;Q5QTE4;;
;;;;ABD42927.1;Q5QTE5;;
;;;;BAK32964.1;W6JGU6;;
;;;;BAK32965.1;;;
;;;;BAK32966.1;;;
;;;;BAO48183.1;;;
;;;;NP_061951.1;;;
 UDP-GlcA: glucuronosyltransferase 1A6 (Ugt1a6);2.4.1.17;;Homo sapiens;AAG30420.1;P19224;;
;;;;AAA61247.1;P22309;;
;;;;AAA61251.1;P22310;;
;;;;AAC41717.1;P35503;;
;;;;AAH19861.1;P35504;;
;;;;AAR95642.1;Q5DSZ8;;
;;;;ABC96774.1;Q8WUQ4;;
;;;;BAO48182.1;W6JIB0;;
;;;;NP_001063.1;;;
 Glucuronosyltransferase 2A1 (Ugt2a1) (olfactory);2.4.1.17;;Homo sapiens;CAB41974.1;P0DTE4;;
;;;;BAG65116.1;Q9Y4X1;;
;;;;NP_006789.1;;;
 glucuronosyltransferase 2B10 (Ugt2b10);2.4.1.17;;Homo sapiens;CAA44961.1;A8K9M3;7YF5[A,B];
;;;;AAI13650.1;P36537;;
;;;;BAD96559.1;Q53GQ9;;
;;;;BAD96592.1;Q53GU2;;
;;;;BAF85427.1;;;
;;;;BAG60653.1;;;
;;;;NP_001066.1;;;
;;;;XP_040350.1;;;
;;;;XP_040351.1;;;
;;;;XP_040351.2;;;
 UDP-GlcA: glucuronosyltransferase 2B4 (Ugt2b4);2.4.1.17;;Homo sapiens;AAF78145.1;P06133;;
;;;;AAC95002.1;Q1HBF9;;
;;;;AAH26264.1;;;
;;;;AAQ46845.1;;;
;;;;AAS47487.1;;;
;;;;ABF47107.1;;;
;;;;ABL16198.1;;;
;;;;ABL16199.1;;;
;;;;ABL16200.1;;;
;;;;ACM81501.1;;;
;;;;ACM82967.1;;;
;;;;ACM83554.1;;;
;;;;BAF85437.1;;;
;;;;BAG61887.1;;;
;;;;CAA06396.1;;;
;;;;CAA68415.1;;;
;;;;NP_066962.1;;;
 UDP-GlcA: β-glucuronosyltransferase 2B7 (Ugt2b7);2.4.1.17;;Homo sapiens;AAA36793.1;P16662;2O6L[A,B];
;;;;AAD14400.1;Q5QKR3;;
;;;;AAG01472.1;Q99912;;
;;;;AAH30974.1;Q9HCT7;;
;;;;AAO65542.1;;;
;;;;AAQ46846.1;;;
;;;;AAY41045.1;;;
;;;;ABL16197.1;;;
;;;;BAD96862.1;;;
;;;;BAG36007.1;;;
;;;;NP_001065.1;;;
 UDP-GlcA: glucuronosyltransferase 2B15 (Ugt2b15);2.4.1.17;;Homo sapiens;AAQ46847.1;P54855;6IPB[A,B,C,D];
;;;;AAB28536.1;Q9UHH3;7CJX[A,B,C,D];
;;;;AAC50077.1;;;
;;;;AAD55093.1;;;
;;;;AAF25010.1;;;
;;;;AAI71879.1;;;
;;;;AAN40695.1;;;
;;;;ACM83108.1;;;
;;;;BAF82108.1;;;
;;;;NP_001067.1;;;
;;;;XP_040347.1;;;
;;;;XP_040348.1;;;
" UDP-GlcNAc: ursodeoxycholic acid β-N-acetylglucosaminyltransferase (UGT3A1;LOC133688) (UGT3A1)";2.4.1.-;;Homo sapiens;CAC42674.1;A8K444;;
;;;;AAH35012.1;B7Z3N0;;
;;;;AAH68446.1;B7Z8Q8;;
;;;;ABA67139.1;Q6NUS8;;
;;;;ABE15394.1;Q8IYS9;;
;;;;BAB71358.1;Q8NAW4;;
;;;;BAC03783.1;Q96DM6;;
;;;;BAF83498.1;;;
;;;;BAF98742.1;;;
;;;;BAH12266.1;;;
;;;;BAH14044.1;;;
;;;;CAD23353.1;;;
;;;;NP_689617.2;;;
 Flavonol O3-glucosyltransferase;2.4.1.91;;Hordeum vulgare;CAA33729.1;P14726;;
;;;;CAX02587.1;;;
;;;;CBD06770.1;;;
" UDP-Glc: anthocyanidin 3-O-glucoside 2â€³-O-glucosyltransferase (3GGT; Ib3GGT)";2.4.1.-;pubmed;Ipomoea batatas;ABL74480.1;A1YM58;;
 UDP-glucose:flavonoid 3-O-glucosyltransferase (Duskish/in3gT);2.4.1.115;;Ipomoea nil;BAR88262.1;A0A0H5AGF0;;
 anthocyanidin 3-O-glucosyltransferase (Uf3gT);2.4.1.115;;Ipomoea purpurea;ABW79915.1;A0A0H5AGF9;;
;;;;AFP53035.1;C6EQB0;;
;;;;AFP53036.1;M9NTR4;;
;;;;AFP53037.1;M9NU10;;
;;;;AFP53038.1;M9NU11;;
;;;;AFP53039.1;M9NU12;;
;;;;AFP53040.1;M9NU15;;
;;;;AFP53041.1;M9NU16;;
;;;;AFP53042.1;M9NUG3;;
;;;;AFP53279.1;M9NUH1;;
;;;;AFP53280.1;M9NUH2;;
;;;;AFP53281.1;M9NV13;;
;;;;AFP53282.1;M9NV16;;
;;;;AFP53283.1;M9NV17;;
;;;;AFP53284.1;M9NV18;;
;;;;AFP53285.1;M9NV19;;
;;;;AFP53286.1;M9NV20;;
;;;;AFP53287.1;M9NV93;;
;;;;AFP53288.1;M9NVA0;;
;;;;AFP53289.1;M9NVA2;;
;;;;AFP53290.1;M9NVH5;;
;;;;AFP53291.1;M9NVM5;;
;;;;AFP53292.1;M9NVM6;;
;;;;AFP53293.1;M9NVM9;;
;;;;AFP53294.1;;;
;;;;AFP53295.1;;;
;;;;AFP53296.1;;;
;;;;AFP53297.1;;;
;;;;AFP53298.1;;;
;;;;AFP53299.1;;;
;;;;AFP53300.1;;;
;;;;AFP53301.1;;;
;;;;AFP53302.1;;;
;;;;AFP53303.1;;;
;;;;AFP53304.1;;;
;;;;AFP53305.1;;;
;;;;AFP53306.1;;;
;;;;AFP53307.1;;;
;;;;AFP53308.1;;;
;;;;AFP53309.1;;;
;;;;AFP53310.1;;;
;;;;AFP53311.1;;;
;;;;AFP53312.1;;;
;;;;AFP53313.1;;;
;;;;BAR88272.1;;;
" UDP-Glc: isoflavone 7-O-glucosyltransferase (Bc7OUGT; Bch3/12632.p1)";2.4.1.170;pubmed;Iris domestica / Belamcanda chinensis;WNV71562.1;A0AA96QCN7;8INP[A];
;;;;;;8ITA[A];
 anthocyanin 5-O-glucosyltransferase (Ih5GT);2.4.1.-;;Iris x hollandica;BAD06874.1;Q767C8;;
;;;;CAX02467.1;;;
;;;;CBD06621.1;;;
 anthocyanidin 3-O-glucosyltransferase (Ih3GT);2.4.1.115;;Iris x hollandica;BAD83701.1;Q5KTF3;;
;;;;CAX02407.1;;;
;;;;CBD06503.1;;;
" UDP-Glc: sterol glucosyltransferase (UGT51B1;PAS_chr4_0167)";2.4.1.173;;Komagataella phaffii GS115;CAY71393.1;Q9Y751;;
;;;;AAD29570.1;;;
;;;;AOA69891.1;;;
" UDP-glucosyltransferase (F3GT;Lg-F3GT;UGT78J1)";2.4.1.91;;Lamium galeobdolon;AEB61487.1;F8R894;;
  flavone-C-glucosytransferase (LpCGTa);2.4.1.-;;Landoltia punctata;QLF98869.1;A0A859N8A0;6LG1[A,B];
" flavone-C-arabinosytransferase (LpCGTb;CgtB)";2.4.1.-;;Landoltia punctata;QLF98870.1;A0A859N8G5;6LFN[A,B];
 UDP-Glc: catechin β-glucosyltransferase (Ugt73a10);2.4.1.185;;Lycium barbarum;BAG80536.1;B6EWX3;;
 Glucuronosyltransferase 2B9;2.4.1.17;;Macaca fascicularis;AAB50249.1;O02663;;
 Glucuronosyltransferase 2B20;2.4.1.17;;Macaca fascicularis;AAD08808.1;O77649;;
;;;;AIM58896.1;;;
 Glucuronosyltransferase 2B19;2.4.1.17;;Macaca fascicularis;AAD24435.1;Q9XT55;;
 UDP-glucuronosyltransferase UGT1A01;2.4.1.17;;Macaca fascicularis;AAF15549.1;Q9TSL7;;
 UDP-glucuronosyltransferase UGT1A08;2.4.1.17;;Macaca fascicularis;AAF15548.1;Q9TSL8;;
 UDP-glucuronosyltransferase UGT1A06;2.4.1.17;;Macaca fascicularis;AAF15547.1;Q9TSL9;;
 UDP-glucuronosyltransferase UGT1A09;2.4.1.17;;Macaca fascicularis;AAF15546.1;Q9TSM0;;
 UDP-glucuronosyltransferase 2B23;2.4.1.17;;Macaca fascicularis;AAF14353.1;Q9TSL6;;
 UDP-Glucuronosyltransferase UGT2B33;2.4.1.17;;Macaca mulatta;AAG21378.1;Q9GLD9;;
 UDP-Glucuronosyltransferase UGT2B9*2;2.4.1.17;;Macaca mulatta;AAG21377.1;Q9GLE0;;
 UDP-glucuronosyltransferase UGT1A01;2.4.1.17;;Macaca mulatta;AAK31597.1;Q95KM4;;
;;;;AAK49991.1;Q9BDG7;;
 UDP-Glc: coumarin glucosyltransferase (UGT88A4);2.4.1.-;;Maclura pomifera;ABL85471.1;A1YGR1;;
;;;;ABL85471.2;;;
 UDP-Glc: flavonoid 3-O-glucosyltransferase (UFGT1);2.4.1.91;doi;Malus domestica;AAD26203.1;Q8L5N2;;
;;;;AAZ79375.1;Q9XES4;;
;;;;AHN05519.1;X2FKF2;;
;;;;BAB93000.1;;;
;;;;CAX02552.1;;;
;;;;CBD06736.1;;;
 C-glycosyltransferase;2.4.1.360;pubmed;Mangifera indica;ALD83754.1;A0A0M4KE44;7VA8[A,B];
;;;;;;7VAA[A,B];
;;;;;;8XFH[A,B];
;;;;;;8XFW[A,B];
" UDP-Glc: flavonol O3-glucosyltransferase (Cgt1;GT1;UGT73A1) (possible fragment)";2.4.1.91;;Manihot esculenta;CAA54609.1;Q40284;;
;;;;CAX02581.1;;;
;;;;CBD06764.1;;;
" UDP-Glc: flavonol O3-glucosyltransferase (Cgt4;GT4;UGT73A4 ) (fragment)";2.4.1.91;;Manihot esculenta;CAA54610.1;Q40286;;
" UDP-Glc: flavonol O3-glucosyltransferase (Cgt5;GT5;UGT73A5)";2.4.1.91;;Manihot esculenta;CAA54612.1;Q40287;;
;;;;CAX02583.1;;;
;;;;CBD06766.1;;;
" UDP-Glc: flavonol O3-glucosyltransferase (Cgt6;GT6;UGT73A6) (fragment)";2.4.1.91;;Manihot esculenta;CAA54613.1;Q40288;;
" UDP-Glc: flavonol O3-glucosyltransferase (Cgt7;GT7;UGT73A7) (fragment)";2.4.1.91;;Manihot esculenta;CAA54614.1;Q40289;;
 UDP-Glc : flavonoid β-glucosyltransferase (UGT71G1);2.4.1.-;;Medicago truncatula;AAW56092.1;Q5IFH7;2ACV[A,B];
;;;;CAX02405.1;;2ACW[A,B];
;;;;CBD06499.1;;;
 UDP-Glc: (iso)flavonoid β-glucosyltransferase;2.4.1.-;;Medicago truncatula;ABI94021.1;A6XNC2;;
;;;;AFK48003.1;I3T661;;
 UDP-Glc : (iso)flavonoid β-glucosyltransferase;2.4.1.-;;Medicago truncatula;ABI94022.1;A6XNC3;;
 UDP-Gal: ceramide 1-β-galactosyltransferase;2.4.1.47;;Mus musculus;CAA63090.1;Q64676;;
;;;;AAC53576.1;;;
;;;;AAH16885.1;;;
;;;;BAE23325.1;;;
;;;;CAA63091.1;;;
;;;;NP_035804.2;;;
 Glucuronosyltransferase 1.2 (Ugt1a2);2.4.1.17;;Mus musculus;BAA13482.1;P70691;;
;;;;AAI45970.1;Q545X2;;
;;;;AAP48594.1;;;
;;;;BAB22243.1;;;
;;;;NP_038729.1;;;
" glucuronosyltransferase 1.6 (Ugt1a6;UGT1*06;UGT1A1)";2.4.1.17;;Mus musculus;AAA65979.1;Q64435;;
;;;;AAA51871.1;Q6NSR5;;
;;;;AAH69940.1;;;
;;;;AAP48596.1;;;
;;;;BAA13483.1;;;
;;;;NP_659545.2;;;
 Glucuronosyltransferase 1.7;2.4.1.17;;Mus musculus;AAP48599.1;A6H6W3;;
;;;;AAA40524.1;Q62452;;
;;;;AAH19434.1;;;
;;;;AAI46022.1;;;
 glucuronosyltransferase 2B5 (Ugt2b5);2.4.1.17;;Mus musculus;CAA29657.1;P17717;;
;;;;AAH28262.1;Q3UWB9;;
;;;;BAE22997.1;Q8K169;;
;;;;NP_033493.1;;;
 glucuronosyltransferase 1A1 (Ugt1a1);2.4.1.17;;Mus musculus;AAH93516.1;J7HWK0;;
;;;;AAB26033.2;Q561M6;;
;;;;AAD54662.1;Q63886;;
;;;;AAP48593.1;Q9R0A4;;
;;;;AFQ20807.1;;;
 Glucuronosyltransferase 2A1 (Ugt2a1) (olfactory);2.4.1.17;;Mus musculus;AAG17003.1;Q80X89;;
;;;;AAH48926.1;Q9ESE4;;
;;;;BAE24468.1;;;
;;;;NP_444414.1;;;
 UDP-Glc: sterol glucosyltransferase (UGT53A1);2.4.1.173;;Mycosarcoma maydis;AAN77909.1;Q8J1H5;;
 UDP-Glc: sterol glucosyltransferase (UGT51D1);2.4.1.173;;Mycosarcoma maydis;AAN77910.1;Q8J1H4;;
" UDP-Glc: flavone 4'-O-glucoside 7-glucosyltransferase (Nmf4'g7gT; NmGT22)";2.4.1.81;pubmed;Nemophila menziesii;BBA68563.1;A0A292GEP7;8I8Z[A];
;;;;;;8I90[A,B];
;;;;;;8I94[A,B];
" flavone 4'-glucosyltransferase (Nmf4'gT; NmGT8)";2.4.1.-;pubmed;Nemophila menziesii;BBA68562.1;A0A292GFI2;;
" UDP-Glc: scopoletin 7-O-β-glucosyltransferase (UGT72AY1; NbUGT72AY1; Nbv6.1trP2283)";2.4.1.128;pubmed;Nicotiana benthamiana;UHH90560.1;;8J2S[A,B,C,D,E,F,G];
;;;;;;8J2T[A,B];
;;;;;;8J2U[A,B];
;;;;;;8J2V[A];
;;;;;;8J2Z[A];
;;;;;;8J31[A];
;;;;;;9J9C[A,B,C,D,E,F,G];
;;;;;;9J9K[A,B];
;;;;;;9LRJ[A,B,C,D,E,F,G];
" UDP-Glc: scopoletin and carvacrol β-glycosyltransferase (UGT72AX1; Nbv6.1trP17460)";2.4.1.128;pubmed;Nicotiana benthamiana;UHH90503.1;;;
;2.4.1.-;pubmed;;UXR81501.1;;;
" UDP-Glc: flavonol 7-O-β-glycosyltransferase (UGT73A24; Nbv6.1trP32845)";2.4.1.237;pubmed;Nicotiana benthamiana;UHH90485.1;;;
;;;;UXR81503.1;;;
" UDP-Glc: carvacrol 3-O-β-glucosyltransferase (UGT72B35; Nbv6.1trP17549)";2.4.1.-;pubmed;Nicotiana benthamiana;UHH90500.1;;;
 β-glucosyltransferase (NtGT3);2.4.1.-;;Nicotiana tabacum;BAB88934.1;Q8RU72;;
;;;;CAX02490.1;;;
;;;;CBD06667.1;;;
 UDP-Glc:phenylpropanoid glucosyltransferase 2 (Togt2);2.4.1.-;;Nicotiana tabacum;AAB36652.1;P93364;;
;;;;AAB36653.1;P93365;;
;;;;AAK28304.1;Q9AT53;;
;;;;CAC07383.1;;;
;;;;CAX02333.1;;;
;;;;CAX02334.1;;;
;;;;CBD06358.1;;;
;;;;CBD06360.1;;;
 UDP-Glc: salicylic acid glucosyltransferase (SA-GTase);2.4.1.-;;Nicotiana tabacum;AAF61647.1;Q9M6E7;;
;;;;CAX02539.1;;;
;;;;CBD06722.1;;;
" UDP-Glc: scopoletin β-glucosyltransferase 1 / phenylpropanoid β-glucosyltransgerase 1 (Ogt;Togt1;Togt)";2.4.1.128;;Nicotiana tabacum;CAC07382.1;Q9AT54;;
;;;;AAK28303.1;;;
 glucosyltransferase (NTGT1b);2.4.1.-;;Nicotiana tabacum;BAB60721.1;Q94IF1;;
;;;;CAX02518.1;;;
;;;;CBD06702.1;;;
 glucosyltransferase (NTGT1A);2.4.1.-;;Nicotiana tabacum;BAB60720.1;Q94IF2;;
;;;;CAX02520.1;;;
;;;;CBD06704.1;;;
 glucuronosyltransferase (UGT1A7);2.4.1.17;;Oryctolagus cuniculus;AAB65795.1;O18777;;
" glucuronosyltransferase (UGT2C1;UGT2A2) (fragment)";2.4.1.17;;Oryctolagus cuniculus;AAA18023.1;P36514;;
" glucuronosyltransferase (EGT10;UGT2B13)";2.4.1.17;;Oryctolagus cuniculus;AAA18020.1;P36512;;
" glucuronosyltransferase (EGT12;UGT2B14)";2.4.1.17;;Oryctolagus cuniculus;AAA18021.1;P36513;;
" glucuronosyltransferase (UGT1;UGT1*4;UGT1-04;UGT1.4;UGT1A4)";2.4.1.17;;Oryctolagus cuniculus;AAA51868.1;Q28612;;
" glucuronosyltransferase (UGT1;UGT1*6;UGT1-06;UGT1.6;UGT1A6)";2.4.1.17;;Oryctolagus cuniculus;AAA51867.1;Q28611;;
" UDP-Glc: flavonoid 3-O-glucosyltransferase / UDP-Glc: isoflavonoid 7-O-glucosyltransferase (Os01g0736300;UGT706D1)";2.4.1.170;;Oryza sativa Japonica Group;BAB68093.1;A0A0N7KDP9;;
;2.4.1.91;;;BAF06087.1;Q0JJJ1;;
;;;;BAS74225.1;Q942B3;;
;;;;CAX02266.1;;;
;;;;CBD06225.1;;;
" UDP-Glc: flavonoid 3-O-glucosyltransferase (Os01g0736100;UGT706C1)";2.4.1.91;;Oryza sativa Japonica Group;BAB68090.1;A0A0P0V7W6;;
;;;;BAF06086.1;A3CDG1;;
;;;;BAG89064.1;Q942B6;;
;;;;BAS74224.1;;;
;;;;CAX02265.1;;;
;;;;CBD06223.1;;;
" UDP-Glc: flavonol 3-O-glucosyltransferase (RF5;Os01g0735900)";2.4.1.91;;Oryza sativa Japonica Group;BAB68088.1;A0A0P0V7Y7;;
;;;;BAF06084.1;Q0JJJ4;;
;;;;BAS74222.1;Q942B8;;
;;;;CAX02264.1;;;
;;;;CBD06221.1;;;
" UDP-Glc: deoxynivalenol β-glucosyltransferase (Os79;Os04g0206600)";2.4.1.-;;Oryza sativa Japonica Group;CAD40043.1;A0A0P0W7X0;5TMB[A];
;;;;BAF14158.1;Q7XT97;5TMD[A];
;;;;BAG97673.1;;5TME[A];
;;;;BAS88084.1;;6BK0[A];
;;;;BAS88104.1;;6BK1[A];
;;;;CAE01609.2;;6BK2[A];
;;;;CAX02310.1;;6BK3[A];
;;;;CBD06310.1;;;
" UDP-Glc: isoflavonoid 7-O-glucosyltransferase (Os07g0490100;UGT709A4)";2.4.1.170;;Oryza sativa Japonica Group;BAC80066.1;A0A0P0X674;;
;;;;BAF21585.1;Q7XHR3;;
;;;;BAG97501.1;;;
;;;;BAT01545.1;;;
;;;;CAX02326.1;;;
;;;;CBD06343.1;;;
" UDP-Glc: flavonoid 3-O-glucosyltransferase (Os07g0503500;UGT707A3)";2.4.1.91;;Oryza sativa Japonica Group;BAC83989.1;A0A0N7KNH8;;
;;;;BAF21642.1;A0A0P0X6C9;;
;;;;BAT01657.1;A3BK38;;
;;;;BAT01658.1;Q0D681;;
;;;;;Q6Z478;;
" UDP-Glc: (steviol glycosides) β-glucoside β-1,2-glucosyltransferase (OsUGT91C1; Os03g0702000)";2.4.1.-;pubmed;Oryza sativa Japonica Group;AAS07253.1;;7ERX[A];
;;;;AAT85328.1;;7ERY[A];
;;;;AAX95510.1;;7ES0[A];
;;;;BAF12921.1;;7ES1[A];
;;;;BAS85942.1;;7ES2[A];
;;;;XP_469427.1;;;
" UDP-Glc: salicylic acid β-glucosyltransferase (OsSGT;Os09g0518200)";2.4.1.-;;Oryza sativa Japonica Group;BAD34401.1;Q0J0B6;;
;;;;BAD34358.1;Q69IV0;;
;;;;BAF25599.1;;;
;;;;BAT08985.1;;;
" UDP-Glc: flavonoid C-glucosyltransferase (RGT10;RUGT-10;OsCGT;Os06g0288300)";2.4.1.360;;Oryza sativa Japonica Group;BAD69345.1;C3W7B0;;
;;;;ABC94602.1;Q5VMI0;;
;;;;ABE02743.1;;;
;;;;BAD69117.1;;;
;;;;BAF19327.1;;;
;;;;BAS97297.1;;;
;;;;CAQ77160.1;;;
" flavone-C-arabinosytransferase (OsCGTB;Os06g0289900";2.4.1.-;;Oryza sativa Japonica Group;BAD69380.1;A0A0N7KLY4;;
;;;;BAF19331.1;A3CA23;;
;;;;BAH00941.1;Q5VME5;;
;;;;BAS97305.1;;;
;;;;QLF98864.1;;;
 ginsenoside 3-O-glucosyltransferase (UGTPg45);2.4.1.364;pubmed;Panax ginseng;AKA44586.1;A0A0D5ZDC8;;
 3-O-glucosyl-protopanaxadiol-type ginsenoside 2''-O-glucosyltransferase (UGTPg29);2.4.1.365;pubmed;Panax ginseng;AKA44579.1;A0A0A6ZFY4;;
;;;;QEA68983.1;A0A7G3KHF5;;
 UDP-Glc: sterol 3-O-glucosyltransferase (PGGT-1);2.4.1.173;;Panax ginseng;BAC22616.1;Q8H9B5;;
 UDP-Glc: sterol 3-O-glucosyltransferase (PGGT-2);2.4.1.173;;Panax ginseng;BAC22617.1;Q8H9B4;;
" ginsenoside 3-O-glucosyltransferase (PgUGT74A1;PgUGT74AE2)";2.4.1.364;pubmed;Panax ginseng;AGR44631.1;A0A7G3KFN4;;
;;;;A0A0A6ZFR4.1;;;
;;;;QEA68969.1;;;
" 3-O-glucosyl-protopanaxadiol-type ginsenoside 2''-O-glucosyltransferase (PgUGT94B1;PgUGT94Q2)";2.4.1.365;pubmed;Panax ginseng;AGR44632.1;;;
;;;;A0A0A6ZFY4.1;;;
 3-O-glucosyl-protopanaxadiol-type ginsenoside 2''-O-glucosyltransferase;2.4.1.365;pubmed;Panax quinquefolius;ALE15280.1;;8JZQ[A,B,C,D];
;;;;;;8K08[A,B];
;;;;;;8K09[A,B];
 anthocyanin 5-O-glucosyltransferase (PF3R4);2.4.1.-;;Perilla frutescens;CAX02560.1;Q9ZR27;;
;;;;AAY01448.1;;;
;;;;ACP76226.1;;;
;;;;BAA36421.1;;;
;;;;CBD06744.1;;;
 Flavonol O3-glucosyltransferase;2.4.1.91;;Perilla frutescens;BAA19659.1;O04114;;
;;;;CAX02330.1;;;
;;;;CBD06351.1;;;
" UDP-GlcA: flavone 7-O-β-glucuronyltransferase (PfUGT50;UGT88D7) (UGT88D7)";2.4.1.253;;Perilla frutescens;BAG31948.1;B2NID2;;
;2.4.1.-;;;;;;
;2.4.1.189;;;;;;
" indican synthase (indoxyl β-glucosyltransferase; PtigS)";2.4.1.-;;Persicaria tinctoria;BBB06426.1;A0A2L2R220;5NLM[A,B];
;;;;;A0A2R2JFJ4;6SU6[A,B];
;;;;;;6SU7[A,B,C,D];
" UDP-L-Rha: anthocyanidin-3-glucoside α-L-rhamnosyltransferase (RT;UGT72)";2.4.1.-;;Petunia x hybrida;CAA50376.1;Q43716;;
;;;;CAA50377.1;;;
;;;;CAA81057.1;;;
 UDP-Gal: kaempferol 3-O-galactosyltransferase;2.4.1.234;;Petunia x hybrida;AAD55985.1;Q9SBQ8;;
;;;;CAX02546.1;;;
;;;;CBD06729.1;;;
 anthocyanin 5-O-glucosyltransferase (Ph1);2.4.1.-;;Petunia x hybrida SURFINIA;BAA89009.1;Q9SBQ2;;
;;;;AAY01453.1;;;
;;;;ACP76231.1;;;
;;;;CAX02543.1;;;
;;;;CBD06726.1;;;
 anthocyanidin 3-O-glucosyltransferase (Pgt8);2.4.1.115;;Petunia x hybrida SURFINIA;BAA89008.1;Q9SBQ3;;
;;;;CAX02545.1;;;
;;;;CBD06728.1;;;
" UDP-Xyl: zeatin O-β-xylosyltransferase (PlGT2;Zox1)";2.4.2.40;doi;Phaseolus lunatus;AAM09516.1;Q8S3B6;;
 UDP-Glc: zeatin O-β-glucosyltransferase (Zog1);2.4.1.203;;Phaseolus lunatus;AAD04166.1;Q9ZSK5;;
;;;;AAQ54258.1;;;
;;;;AAQ54259.1;;;
;;;;CAD28205.1;;;
 UDP-Xyl: zeatin O-β-xylosyltransferase (Zox1);2.4.2.40;;Phaseolus vulgaris;AAD51778.1;P56725;;
;;;;AAQ54260.1;;;
 6-hydroxyflavone β-glucosyltransferase (PaGT2);2.4.1.-;doi;Phytolacca americana;BAG71125.1;B5MGN7;6JEL[A,B];
;;;;BAH05016.1;;6JEM[A,B,C];
;;;;;;6JEN[A,B,C];
 UDP-Glc: 6- and 7-hydroxyflavone β-glucosyltransferase (PaGT3);2.4.1.237;doi;Phytolacca americana;BAG71127.1;B5MGN9;6LZX[A,B];
;2.4.1.-;doi;;BAH05017.1;;6LZY[A,B];
;;;;;;7VEJ[A,B];
;;;;;;7VEK[A,B];
;;;;;;7VEL[A,B];
 UDP-Glc: flavone 3'-O-β-glucosyltransferase (UGT95A1);2.4.1.-;pubmed;Pilosella officinarum;ACB56927.1;B2CZL6;9BCM[A];
 flavone-C-glucosytransferase (PsCGTa);2.4.1.-;;Pistia stratiotes;QLF98871.1;A0A859N6X8;;
 flavone-C-glucosytransferase (PsCGTb);2.4.1.-;;Pistia stratiotes;QLF98872.1;A0A859N7Y0;;
;2.4.1.-;;;;;;
" UDP-Glc: sterol glycosyltransferase (Ugt51;Ugt51E1)";2.4.1.173;;Plenodomus lingam M1;AAM81359.1;Q8NJS1;;
 UDP-GlcA: 1-naphthol glucuronosyltransferase 1B (UGT1B);2.4.1.17;pubmed;Pleuronectes platessa;CAB51368.1;Q9W710;;
;;;;CAB51369.2;Q9W711;;
 UDP-Glc: R-mandelonitrile β-glucosyltransferase (UGT85A19) (UGT85A19);2.4.1.-;;Prunus dulcis;ABV68925.1;B2XBQ5;;
" UDP-Glc: gallic acid 1-O-β-glycosyltransferase (QrUGT1;UGT84A13)";2.4.1.-;;Quercus robur;AHA54051.1;V5LLZ9;;
" ceramide 1-β-galactosyltransferase (CGT; Ugt8A)";2.4.1.47;;Rattus norvegicus;AAA16108.1;A6HVK3;;
;;;;AAA50212.1;Q09426;;
;;;;NP_062149.1;;;
 Glucuronosyltransferase 1A6 (Ugt1a6);2.4.1.17;;Rattus norvegicus;AAL67853.1;F7FJM7;;
;;;;AAA42311.1;P08430;;
;;;;AAI07932.1;P97886;;
;;;;AAR95634.1;Q6T5E9;;
;;;;BAA18960.1;;;
;;;;NP_476446.1;;;
 Glucuronosyltransferase 2B8 (Ugt2b8);2.4.1.17;;Rattus norvegicus;AAA86833.1;Q62789;;
;;;;NP_775445.1;;;
 Glucuronosyltransferase (fragment);2.4.1.17;;Rattus norvegicus;AAA42315.1;Q63662;;
;;;;AAB20592.2;Q64671;;
;;;;BAA07257.1;;;
" glucuronosyltransferase 1.1 (Ugt1a1;Ugt1.1)";2.4.1.17;;Rattus norvegicus;AAC52219.1;Q547Q8;;
;;;;AAL67852.1;Q5DT04;;
;;;;AAR95629.1;Q64550;;
;;;;BAA07260.1;;;
;;;;NP_036815.1;;;
 Glucuronosyltransferase 1.3;2.4.1.17;;Rattus norvegicus;AAR95632.1;Q64637;;
;;;;BAA07262.1;Q6T5F1;;
 Glucuronosyltransferase 1.5;2.4.1.17;;Rattus norvegicus;AAL67850.1;A0A9K3Y841;;
;;;;AAR95633.1;Q64638;;
;;;;BAA07263.1;Q6T5F0;;
;;;;;Q8VD45;;
 Glucuronosyltransferase 1.7;2.4.1.17;;Rattus norvegicus;AAH78732.1;A6JQH7;;
;;;;AAL67854.1;Q64633;;
;;;;AAR95635.1;Q68G32;;
;;;;BAA07258.1;Q6T5E8;;
;;;;;Q8VD43;;
 Glucuronosyltransferase 1.8;2.4.1.17;;Rattus norvegicus;AAL67851.1;A6JQH6;;
;;;;AAR95636.1;F7EKA4;;
;;;;BAA07259.1;M0RB50;;
;;;;NP_787040.1;Q64634;;
;;;;;Q6T5E7;;
;;;;;Q8VD44;;
 Glucuronosyltransferase 1A2 (Ugt1a2);2.4.1.17;;Rattus norvegicus;AAA42312.1;F7EP24;;
;;;;AAR95631.1;P20720;;
;;;;BAA07261.1;Q64633;;
;;;;;Q64634;;
;;;;;Q64637;;
;;;;;Q64638;;
;;;;;Q6T5F2;;
 Glucuronosyltransferase 2A1 (Ugt2a1);2.4.1.17;;Rattus norvegicus;CAA40797.1;P36510;;
;;;;NP_071564.1;;;
 Glucuronosyltransferase 2B1 (Ugt2b1);2.4.1.17;;Rattus norvegicus;AAA42310.1;A6JCQ4;;
;;;;AAA42313.1;P09875;;
;;;;NP_775417.1;;;
 Glucuronosyltransferase 2B12 (Ugt2b12);2.4.1.17;;Rattus norvegicus;AAA83404.1;F7FMW8;;
;;;;AAA83405.1;P36511;;
;;;;AAH78782.1;Q68G19;;
;;;;NP_114186.1;;;
 Glucuronosyltransferase 2B2;2.4.1.17;;Rattus norvegicus;AAA42314.1;A1XF83;;
;;;;AAH89792.1;F1LM22;;
;;;;AAM51149.1;P08541;;
;;;;ABC71921.1;Q5EBC8;;
;;;;CAA27198.1;Q7TT85;;
;;;;NP_113721.1;;;
 Glucuronosyltransferase 2B3;2.4.1.17;;Rattus norvegicus;AAA41280.1;P08542;;
;;;;CAA68351.1;;;
;;;;NP_695226.2;;;
 Glucuronosyltransferase 2B6;2.4.1.17;;Rattus norvegicus;AAA03216.1;P19488;;
;;;;AAA03217.1;;;
" UDP-Glc: tyrosol β-glucosyltransferase (UGTR;UGT72B14)";2.4.1.-;pubmed;Rhodiola sachalinensis;ACD87062.1;B8QI32;;
" UDP-Glc: tyrosol β-glucosyltransferase / UDP-Glc: p-coumaric acid β-glucosyltransferase (UGT1;UGT73B6)";2.4.1.-;;Rhodiola sachalinensis;AAS55083.1;Q6QDB6;;
;;;;CAX02454.1;;;
;;;;CBD06596.1;;;
" UDP-Glc: salicylic acid β-glucosyltransferase (Ugt2;UGT74R1)";2.4.1.-;;Rhodiola sachalinensis;ABP49574.1;A4ZZ92;;
 UDP-Glc: anthocyanidin 5,3-O-β-glucosyltransferase;2.4.1.-;;Rosa hybrid cultivar CRIMSON GLORY;BAD99560.1;Q2PGW5;;
;;;;CAX02566.1;Q4R1I9;;
;;;;CBD06750.1;;;
" UDP-Glc: sterol glucosyltransferase (Atg26;YLR189c;UGT51)";2.4.1.173;;Saccharomyces cerevisiae S288c;AAB67475.1;Q06321;5GL5[A,B];
;;;;AAO95499.1;;5XVM[A,B];
;;;;AAO95504.1;;;
;;;;AAO95509.1;;;
;;;;NP_013290.1;;;
" UDP-GlcA: baicalein 7-O-β-glucuronosyltransferase (UBGAT-I;UbGaT;UGT88D1)";2.4.1.253;;Scutellaria baicalensis;BAH19313.1;B2BH32;;
;;;;ABS83552.1;B9A9D5;;
;;;;BAC98300.1;Q76MR7;;
;;;;CAX02469.1;;;
;;;;CBD06625.1;;;
  flavone-C-glucosytransferase (SbCGTa);2.4.1.-;;Scutellaria baicalensis;QLF98861.1;A0A859N7X3;6LG0[A,B,C,D,E,F];
 flavone-C-arabinosytransferase (SbCGTb);2.4.1.-;;Scutellaria baicalensis;QLF98862.1;A0A859N7X5;6LFZ[A,B];
 UDP-Glc: flavonoid β-7-O-glucosyltransferase (Ufgt);2.4.1.237;;Scutellaria baicalensis;BAA83484.1;Q9SXF2;;
;;;;CAX02550.1;;;
;;;;CBD06734.1;;;
" UDP-GlcA: flavone 7-O-β-glucuronosyltransferase (SlUGT;UGT88D5) (UGT88D5)";2.4.1.-;;Scutellaria laeteviolacea var. yakusimensis;BAG31946.1;B2NID0;;
" UDP-GlcA: scutellarein 7-O-β-glucuronosyltransferase (SiUGT23;UGT88D6) (UGT88D6)";2.4.1.-;;Sesamum indicum;BAG31947.1;B2NID1;;
 UDP-Glc: flavonoid 7-O-β-glucosyltransferase and 3-O-β-glucosyltransferase (chloroplast) (UGT74AC2);2.4.1.91;doi;Siraitia grosvenorii;AXK92493.1;;7BV3[A,B];
;2.4.1.81;doi;;;;;
 UDP-Glc: flavonoid 7-O-β-glucosyltransferase and 3-O-β-glucosyltransferase (chloroplast) (UGT90F1);2.4.1.91;doi;Siraitia grosvenorii;AXK92491.1;;;
;2.4.1.81;doi;;;;;
 UDP-Glc: flavonoid 7-O-β-glucosyltransferase and 3-O-β-glucosyltransferase (chloroplast) (UGT73B26);2.4.1.91;doi;Siraitia grosvenorii;AXK92492.1;;;
;2.4.1.81;doi;;;;;
" UDP-Glc: mogrol 3-O-glucosyltransferase (Udpg1; UGT74AC1; SgUGT74AC1)";2.4.1.173;pubmed;Siraitia grosvenorii;AEM42999.1;K7NBW3;6L8W[A];
;;;;;;6L8X[A];
;;;;;;6L8Z[A];
;;;;;;6L90[A];
;;;;;;8WVD[A];
 UDP-Xyl: gentisic acid / saliclylic acid (phenolic) xylosyltransferase (Gtsatom);2.4.2.-;;Solanum lycopersicum;CAI62049.1;Q5CAZ5;;
;;;;CAX02399.1;;;
;;;;CBD06487.1;;;
" UDP-glucose: flavonol O3-glucosyltransferase (GT;UGT76)";2.4.1.91;;Solanum melongena;CAA54558.1;Q43641;;
 UDP-Glc: p-hydroxymandelonitrile-O-glucosyltransferase (UGT85B1);2.4.1.85;pubmed;Sorghum bicolor;AAF17077.1;C5WSW8;7ZER[A];
;;;;ABL20335.1;Q9SBL1;7ZF0[A];
;;;;CAX02541.1;;;
;;;;CBD06724.1;;;
" UDP-Glc: [sophorolipid] 17-hydroxy-octadecenoic acid O-β-glucosyltransferase I (GTI;UgtA1;SbUGTA1)";2.4.1.-;;Starmerella bombicola;ADT71702.1;E7CQW6;;
" UDP-Glc: [sophorolipid] β-glucosyl-17-O-octadecenoic acid β-1,2-glucosyltransferase (GTII;UgtB1)";2.4.1.-;;Starmerella bombicola ATCC 22214;ADT71703.1;E9L011;;
 UDP-Glc: stevioside β-glucosyltransferase 76G1 (UGT76G1);2.4.1.-;;Stevia rebaudiana;AAR06912.1;Q6VAB4;6INF[A];
;;;;AGL95113.1;R4SD05;6ING[A];
;;;;CAX02464.1;;6INH[A];
;;;;CBD06615.1;;6INI[A];
;;;;;;6KVI[A];
;;;;;;6KVJ[A];
;;;;;;6KVK[A];
;;;;;;6KVL[A];
;;;;;;6O86[A];
;;;;;;6O87[A];
;;;;;;6O88[A];
 UDP-Glc: steviol β-glucosyltransferase (UGT85C2);2.4.1.-;;Stevia rebaudiana;AAR06916.1;Q6VAB0;;
;;;;CAX02461.1;;;
;;;;CBD06610.1;;;
 UDP-Glc: steviolbioside β-glucosyltransferase (UGT74G1);2.4.1.-;;Stevia rebaudiana;AAR06920.1;Q6VAA6;;
;;;;CAX02458.1;;;
;;;;CBD06604.1;;;
" UDP-glycosyltransferase 202A2 (Ugt202a2; Tetur22g00270)";2.4.1.35;pubmed;Tetranychus urticae;AHX56876.1;T1KUK4;6PNT[A];
;;;;;;8GKN[A,B];
;;;;;;8SFT[A,B,C,D];
;;;;;;8SFU[A,B];
;;;;;;8SFW[A];
;;;;;;8SFY[A];
 C-Glycosyltransferase;2.4.1.-;;Trollius chinensis;;A0A4Y5RXX8;6JTD[B];
;;;;;;6JTD[A];
 UDP-Glc: resveratrol/hydroxycinnamic acid O-β-glucosyltransferase (VIRSgt);2.4.1.-;;Vitis labrusca;ABH03018.1;Q0PI14;;
;2.4.1.-;;;;;;
 UDP-Glc: flavonoid 3-O-glucosyltransferase;2.4.1.91;;Vitis labrusca;ABR24135.1;A6N928;;
 UDP-Glc: anthocyanidin 3-O-glucosyltransferase / UDP-Glc:phenol β-glucosyltransferase (VvGT1);2.4.1.115;pubmed;Vitis vinifera;AAB81683.1;A0A059U0Z1;2C1X[A];
;2.4.1.35;pubmed;;AAB81682.1;A0A059U266;2C1Z[A];
;;;;ABF59818.1;A0A059U2F6;2C9Z[A];
;;;;AHZ46155.1;A0A223HHC1;;
;;;;AHZ46156.1;A0A223HHC2;;
;;;;AHZ46157.1;A0A223HHC5;;
;;;;AHZ46158.1;A0A345AM79;;
;;;;AST51826.1;O22304;;
;;;;AST51827.1;P51094;;
;;;;AST51828.1;Q9AQV0;;
;;;;AXF37550.1;Q9AR43;;
;;;;BAB41017.1;Q9AR45;;
;;;;BAB41018.1;Q9AVK6;;
;;;;BAB41019.1;Q9AVK7;;
;;;;BAB41020.1;;;
;;;;BAB41021.1;;;
;;;;BAB41022.1;;;
;;;;BAB41023.1;;;
;;;;BAB41024.1;;;
;;;;BAB41025.1;;;
;;;;BAB41026.1;;;
;;;;CAX02331.1;;;
;;;;CAX02337.1;;;
;;;;CAX02524.1;;;
;;;;CAX02526.1;;;
;;;;CAX02528.1;;;
;;;;CAX02531.1;;;
;;;;CAX02533.1;;;
;;;;CBD06353.1;;;
;;;;CBD06365.1;;;
;;;;CBD06708.1;;;
;;;;CBD06710.1;;;
;;;;CBD06712.1;;;
;;;;CBD06714.1;;;
;;;;CBD06716.1;;;
 UDP-glucose: flavonol O3-glucosyltransferase (UFGT) (fragment);2.4.1.91;;Vitis vinifera;CAA53582.1;P51094;;
" UDP-Glc: eugenol β-glucosyltransferase 85A28 (Vvugt734;VvGT14;Loc100265988;VIT_18s0001g06060))";2.4.1.-;pubmed;Vitis vinifera;BAO51844.1;A0A438FZQ3;;
;;;;XP_002285770.1;F6H0R6;;
;;;;;W6JQJ9;;
" UDP-Glc: geraniol β-glucosyltransferase (VvGT15;VITISV_006871;Loc100267375;VIT_06s0004g05780)";2.4.1.-;pubmed;Vitis vinifera;CAN70169.1;A5BH14;;
;;;;XP_002281513.2;;;
" UDP-Glc: hydroxybenzoate/hydroxycinnamate β-glucosyltransferase (VvgGT3;VITISV_028318)";2.4.1.194;;Vitis vinifera;CAN71972.1;A5B349;;
;2.4.1.-;;;AEW31189.1;;;
" UDP-Glc: hydroxybenzoate/hydroxycinnamate β-glucosyltransferase(VvgGT2;VITISV_020172)";2.4.1.194;;Vitis vinifera;CAN78291.1;A5ATH4;;
;2.4.1.-;;;AEW31188.1;G9FKG7;;
" UDP-Glc: hydroxybenzoate/hydroxycinnamate β-glucosyltransferase (VvgGT1;VITISV_029146)";2.4.1.194;;Vitis vinifera;CAX02232.1;A5BIH9;;
;2.4.1.-;;;AEW31187.1;G9FKG6;;
;;;;CAN59771.1;;;
;;;;CBD06157.1;;;
 UDP-Glc: cis-zeatin O-glucosyltransferase 2 (cisZog2);2.4.1.215;;Zea mays;AAL92460.1;Q8RXA5;;
 flavone-C-glucosytransferase (ZmCGTb);2.4.1.-;;Zea mays;QLF98873.1;A0A1D6LXE6;;
;2.4.1.-;;;;;;
" flavonol O3-glucosyltransferase 1 (Bz1;UGT71A1)";2.4.1.91;;Zea mays;CAA31856.1;P16165;;
;;;;AAL59228.1;Q8W1D2;;
;;;;CAX02506.1;;;
;;;;CAX02576.1;;;
;;;;CBD06690.1;;;
;;;;CBD06760.1;;;
 flavonol O3-glucosyltransferase 3;2.4.1.91;;Zea mays;CAA30760.1;A0EVF1;;
;;;;AAN77508.1;A0EVF9;;
;;;;AAN77509.1;A0EVJ0;;
;;;;ABF67909.1;B0ZBI1;;
;;;;ABF67917.1;P16167;;
;;;;ABF67948.1;Q19R34;;
;;;;ABF72118.1;Q8GSG7;;
;;;;ACA21853.1;S4WFC0;;
;;;;AGO98423.1;S4WGN8;;
;;;;AGO98424.1;;;
;;;;CAA31857.1;;;
;;;;CAX02479.1;;;
;;;;CAX02579.1;;;
;;;;CBD06644.1;;;
;;;;CBD06762.1;;;
 Indole-3-acetate β-glucosyltransferase (Iaglu);2.4.1.121;;Zea mays;AAA59054.1;Q41819;;
;;;;AAO00665.1;;;
;;;;CAX02570.1;;;
;;;;CBD06754.1;;;
 UDP-Glc: cis-zeatin O-glucosyltransferase (cisZog1);2.4.1.215;;Zea mays;AAK53551.1;B4FRJ6;;
;;;;AAL75980.1;Q93XP7;;
;;;;ACF84739.1;Q93XP7;;
;;;;ACN28814.1;;;
;;;;CAD28206.1;;;
;;;;CAX02605.1;;;
;;;;CAX02613.1;;;
;;;;CBD06788.1;;;
" UDP-Glc: benzoxazinoid[DIBOA;DIMBOA] β-glucosyltransferase (BX8;Zm-BX8)";2.4.1.202;;Zea mays B73;AAL57037.1;Q8W2B7;;
;;;;CAX02222.1;;;
;;;;CAX02512.1;;;
;;;;CBD06137.1;;;
;;;;CBD06696.1;;;
" flavone 7-O-Î²-glucosyltransferase (UGT706F8; ZM_BFb0097F09)";2.4.1.81;pubmed;Zea mays B73;ACF81133.1;A0A8U0WPG4;7Q3S[A];
;;;;ACG45204.1;B4FG90;;
" flavone-C-glucosytransferase (ZmCGTa;ZM_BFb0124G10)";2.4.1.-;;Zea mays B73;ACF81582.1;A0A096SRM5;6LF6[A];
;;;;;B4FHI9;8CGQ[A];
" UDP-Glc: benzoxazinoid[DIBOA;DIMBOA] β-glucosyltransferase (BX9;Zm-BX9)";2.4.1.202;;Zea mays CI 31 A;CAX02221.1;B4G072;;
;;;;AAL57038.1;Q8W2B6;;
;;;;CAX02510.1;;;
;;;;CBD06135.1;;;
;;;;CBD06694.1;;;
 flavone 7-O-β-glucosyltransferase (FEM48_Zijuj09G0128800);2.4.1.81;doi;Ziziphus jujuba var. spinosa;KAH7518044.1;A0A978UT44;8INH[A,B];
 UDP-Glc: ecdysteroid β-glucosyltransferase (Egt);2.4.1.-;;Anticarsia gemmatalis nucleopolyhedrovirus;AAK16408.1;Q993S9;;
" UDP-Glc: ecdysteroid glucosyltransferase (Egt;UGT21A1)";2.4.1.-;;Autographa californica nucleopolyhedrovirus;AAA69845.1;P18569;;
;;;;AAA46712.1;S5G985;;
;;;;AAA66645.1;;;
;;;;AAA66785.1;;;
;;;;AAQ68730.1;;;
;;;;NP_054044.1;;;
" UDP-Glc: ecdysteroid glucosyltransferase (Egt;Orf124)";2.4.1.-;;Buzura suppressaria nucleopolyhedrovirus;AAB58353.1;O11454;;
;;;;AHH82713.1;;;
;;;;AKN91097.1;;;
" UDP-Glc: ecdysteroid β-glucosyltransferase (Egt;UGT21A2)";2.4.1.-;;Choristoneura fumiferana multiple nucleopolyhedrovirus;AAC54601.1;Q90157;;
;;;;NP_848326.1;;;
 UDP-Glc: ecdysteroid β-glucosyltransferase (Egt);2.4.1.-;;Epinotia aporema granulovirus;AAK82354.1;K4EQ37;;
;;;;AER41557.1;Q91KX3;;
" UDP-Glc: ecdysteroid glucosyltransferase (Egt;HanGV4gp127)";2.4.1.-;;Helicoverpa armigera nucleopolyhedrovirus G4;AAG53869.1;Q99GT6;;
;;;;NP_075195.1;;;
" UDP-Glc: ecdysteroid β-glucosyltransferase (Egt;UGT21A4;LdnVgp126)";2.4.1.-;;Lymantria dispar multiple nucleopolyhedrovirus;AAC70311.1;A0A140IL24;;
;;;;AAA18788.1;P41713;;
;;;;NP_047762.1;;;
" UDP-Glc: ecdysteroid glucosyltransferase (Egt;Ugt21A5 )";2.4.1.-;;Mamestra brassicae multiple nucleopolyhedrovirus Oxford;AAB03658.1;Q83140;;
 UDP-Glc: ecdysteroid β-glucosyltransferase (SlsnVgp116);2.4.1.-;;Spodoptera littoralis nucleopolyhedrovirus;CAA59174.1;M1K3Z6;;
;;;;AAM93421.1;O73553;;
;;;;AGE89971.1;Q88168;;
;;;;CAA05887.1;Q8JPS2;;